,state,year,number_of_beers,number_of_glasses_wine,number_of_shots_liquor,number_of_drinks_total
0,alabama,2018,246.51851851851856,51.5968992248062,143.2603406326034,424.53333333333336
1,alabama,2017,253.62962962962962,51.5968992248062,139.10786699107868,424.53333333333336
2,alabama,2016,258.3703703703704,51.5968992248062,134.95539334955393,428.8
3,alabama,2015,263.11111111111114,51.5968992248062,132.87915652879158,428.8
4,alabama,2014,267.8518518518519,49.61240310077518,128.72668288726683,426.66666666666674
5,alabama,2013,270.22222222222223,49.61240310077518,124.5742092457421,424.53333333333336
6,alabama,2012,274.962962962963,47.627906976744185,124.5742092457421,426.66666666666674
7,alabama,2011,274.962962962963,47.627906976744185,122.49797242497972,422.4
8,alabama,2010,277.33333333333337,45.64341085271318,120.42173560421736,422.4
9,alabama,2009,282.07407407407413,43.65891472868218,118.34549878345501,422.4
10,alabama,2008,289.1851851851852,43.65891472868218,118.34549878345501,428.8
11,alabama,2007,291.5555555555556,43.65891472868218,114.19302514193028,426.66666666666674
12,alabama,2006,286.8148148148148,41.67441860465117,112.1167883211679,416.0
13,alabama,2005,279.70370370370375,39.689922480620154,110.04055150040553,407.4666666666666
14,alabama,2004,282.07407407407413,39.689922480620154,107.96431467964315,407.4666666666666
15,alabama,2003,282.07407407407413,37.70542635658914,107.96431467964315,405.33333333333326
16,alabama,2002,279.70370370370375,41.67441860465117,112.1167883211679,409.6
17,alabama,2001,274.962962962963,33.73643410852713,110.04055150040553,396.8
18,alabama,2000,282.07407407407413,35.72093023255813,105.88807785888079,401.0666666666667
42,alaska,2018,251.2592592592593,105.1782945736434,259.52960259529596,608.0
43,alaska,2017,251.2592592592593,105.1782945736434,253.3008921330089,599.4666666666667
44,alaska,2016,272.5925925925927,111.13178294573645,255.37712895377132,627.2
45,alaska,2015,263.11111111111114,105.1782945736434,249.1484184914842,605.8666666666667
46,alaska,2014,263.11111111111114,103.1937984496124,242.91970802919715,597.3333333333334
47,alaska,2013,253.62962962962962,103.1937984496124,242.91970802919715,586.6666666666667
48,alaska,2012,277.33333333333337,105.1782945736434,234.61476074614762,603.7333333333332
49,alaska,2011,272.5925925925927,107.16279069767442,242.91970802919715,610.1333333333333
50,alaska,2010,291.5555555555556,109.14728682170544,259.52960259529596,646.4
51,alaska,2009,312.8888888888889,107.16279069767442,240.84347120843475,644.2666666666668
52,alaska,2008,284.4444444444445,97.24031007751935,226.30981346309815,593.0666666666667
53,alaska,2007,267.8518518518519,87.31782945736435,199.31873479318736,539.7333333333332
54,alaska,2006,296.2962962962963,93.27131782945736,213.85239253852401,586.6666666666667
55,alaska,2005,291.5555555555556,85.33333333333334,203.4712084347121,563.2
56,alaska,2004,310.5185185185185,87.31782945736435,197.242497972425,578.1333333333333
57,alaska,2003,301.03703703703707,73.42635658914728,164.0227088402271,518.4
58,alaska,2002,320.00000000000006,89.30232558139534,247.0721816707219,637.8666666666667
59,alaska,2001,312.8888888888889,75.4108527131783,199.31873479318736,569.6
60,alaska,2000,324.7407407407408,73.42635658914728,195.16626115166264,571.7333333333332
84,arizona,2018,256.00000000000006,77.3953488372093,164.0227088402271,480.0
85,arizona,2017,263.11111111111114,77.3953488372093,164.0227088402271,488.53333333333336
86,arizona,2016,270.22222222222223,79.37984496124031,164.0227088402271,494.9333333333333
87,arizona,2015,274.962962962963,79.37984496124031,161.94647201946472,499.2
88,arizona,2014,279.70370370370375,79.37984496124031,164.0227088402271,505.6
89,arizona,2013,265.4814814814815,83.34883720930233,168.17518248175185,501.33333333333326
90,arizona,2012,270.22222222222223,89.30232558139534,174.40389294403892,518.4
91,arizona,2011,272.5925925925927,87.31782945736435,166.09894566098947,509.8666666666666
92,arizona,2010,291.5555555555556,81.3643410852713,157.79399837794,509.8666666666666
93,arizona,2009,289.1851851851852,77.3953488372093,159.87023519870237,507.73333333333335
94,arizona,2008,308.1481481481481,81.3643410852713,159.87023519870237,529.0666666666667
95,arizona,2007,329.4814814814815,67.47286821705426,161.94647201946472,535.4666666666667
96,arizona,2006,317.6296296296297,75.4108527131783,164.0227088402271,535.4666666666667
97,arizona,2005,320.00000000000006,79.37984496124031,157.79399837794,535.4666666666667
98,arizona,2004,331.8518518518518,67.47286821705426,147.41281427412815,520.5333333333333
99,arizona,2003,334.22222222222223,73.42635658914728,147.41281427412815,531.1999999999998
100,arizona,2002,346.0740740740741,65.48837209302324,143.2603406326034,529.0666666666667
101,arizona,2001,348.44444444444434,65.48837209302324,145.33657745336578,533.3333333333334
102,arizona,2000,350.81481481481484,61.51937984496124,147.41281427412815,533.3333333333334
126,arkansas,2018,213.33333333333331,45.64341085271318,132.87915652879158,379.73333333333335
127,arkansas,2017,218.0740740740741,45.64341085271318,139.10786699107868,388.2666666666667
128,arkansas,2016,220.44444444444446,43.65891472868218,134.95539334955393,384.0
129,arkansas,2015,229.92592592592598,43.65891472868218,134.95539334955393,390.4
130,arkansas,2014,227.55555555555557,41.67441860465117,128.72668288726683,381.86666666666673
131,arkansas,2013,237.03703703703704,39.689922480620154,124.5742092457421,384.0
132,arkansas,2012,237.03703703703704,39.689922480620154,124.5742092457421,384.0
133,arkansas,2011,229.92592592592598,35.72093023255813,116.26926196269262,366.9333333333333
134,arkansas,2010,246.51851851851856,33.73643410852713,122.49797242497972,384.0
135,arkansas,2009,251.2592592592593,33.73643410852713,122.49797242497972,388.2666666666667
136,arkansas,2008,258.3703703703704,33.73643410852713,122.49797242497972,396.8
137,arkansas,2007,248.88888888888889,33.73643410852713,122.49797242497972,386.1333333333334
138,arkansas,2006,248.88888888888889,31.751937984496127,122.49797242497972,384.0
139,arkansas,2005,246.51851851851856,31.751937984496127,120.42173560421736,379.73333333333335
140,arkansas,2004,256.00000000000006,29.767441860465123,120.42173560421736,386.1333333333334
141,arkansas,2003,251.2592592592593,27.78294573643411,116.26926196269262,377.6
142,arkansas,2002,258.3703703703704,27.78294573643411,110.04055150040553,373.33333333333337
143,arkansas,2001,256.00000000000006,25.7984496124031,110.04055150040553,371.2
144,arkansas,2000,258.3703703703704,23.813953488372093,110.04055150040553,371.2
168,california,2018,237.03703703703704,123.03875968992249,180.6326034063261,531.1999999999998
169,california,2017,222.8148148148148,115.10077519379844,161.94647201946472,492.8
170,california,2016,227.55555555555557,119.06976744186045,161.94647201946472,499.2
171,california,2015,237.03703703703704,105.1782945736434,155.71776155717762,486.40000000000015
172,california,2014,237.03703703703704,119.06976744186045,151.56528791565287,497.06666666666666
173,california,2013,232.2962962962963,119.06976744186045,155.71776155717762,497.06666666666666
174,california,2012,234.66666666666663,125.02325581395347,153.64152473641525,501.33333333333326
175,california,2011,225.1851851851852,115.10077519379844,149.48905109489053,480.0
176,california,2010,229.92592592592598,97.24031007751935,147.41281427412815,460.80000000000007
177,california,2009,239.40740740740745,113.11627906976746,145.33657745336578,486.40000000000015
178,california,2008,248.88888888888889,109.14728682170544,145.33657745336578,490.6666666666666
179,california,2007,251.2592592592593,107.16279069767442,145.33657745336578,490.6666666666666
180,california,2006,241.77777777777783,111.13178294573645,145.33657745336578,488.53333333333336
181,california,2005,244.14814814814812,107.16279069767442,143.2603406326034,482.1333333333334
182,california,2004,253.62962962962962,103.1937984496124,139.10786699107868,480.0
183,california,2003,253.62962962962962,101.2093023255814,134.95539334955393,475.73333333333335
184,california,2002,256.00000000000006,97.24031007751935,132.87915652879158,471.4666666666667
185,california,2001,258.3703703703704,95.25581395348837,130.8029197080292,469.33333333333337
186,california,2000,265.4814814814815,95.25581395348837,132.87915652879158,477.86666666666673
210,colorado,2018,270.22222222222223,103.1937984496124,255.37712895377132,614.4
211,colorado,2017,270.22222222222223,101.2093023255814,247.0721816707219,605.8666666666667
212,colorado,2016,270.22222222222223,101.2093023255814,240.84347120843475,601.6
213,colorado,2015,265.4814814814815,101.2093023255814,236.69099756691003,590.9333333333334
214,colorado,2014,270.22222222222223,101.2093023255814,230.46228710462293,590.9333333333334
215,colorado,2013,284.4444444444445,99.22480620155036,230.46228710462293,599.4666666666667
216,colorado,2012,272.5925925925927,103.1937984496124,224.2335766423358,588.8000000000002
217,colorado,2011,284.4444444444445,97.24031007751935,215.9286293592863,580.2666666666668
218,colorado,2010,289.1851851851852,95.25581395348837,209.6999188969992,578.1333333333333
219,colorado,2009,291.5555555555556,91.28682170542636,209.6999188969992,576.0000000000001
220,colorado,2008,303.40740740740745,93.27131782945736,211.77615571776158,590.9333333333334
221,colorado,2007,308.1481481481481,93.27131782945736,209.6999188969992,593.0666666666667
222,colorado,2006,305.77777777777777,89.30232558139534,203.4712084347121,580.2666666666668
223,colorado,2005,310.5185185185185,83.34883720930233,205.54744525547449,580.2666666666668
224,colorado,2004,308.1481481481481,85.33333333333334,197.242497972425,571.7333333333332
225,colorado,2003,315.2592592592593,79.37984496124031,180.6326034063261,554.6666666666667
226,colorado,2002,320.00000000000006,77.3953488372093,186.86131386861317,563.2
227,colorado,2001,336.5925925925925,81.3643410852713,199.31873479318736,593.0666666666667
228,colorado,2000,320.00000000000006,73.42635658914728,184.7850770478508,554.6666666666667
252,connecticut,2018,189.62962962962962,119.06976744186045,209.6999188969992,512.0
253,connecticut,2017,194.3703703703704,119.06976744186045,205.54744525547449,514.1333333333333
254,connecticut,2016,201.48148148148152,123.03875968992249,203.4712084347121,520.5333333333333
255,connecticut,2015,201.48148148148152,121.05426356589146,197.242497972425,514.1333333333333
256,connecticut,2014,199.11111111111111,119.06976744186045,191.0137875101379,503.4666666666666
257,connecticut,2013,201.48148148148152,121.05426356589146,188.93755068937548,505.6
258,connecticut,2012,203.85185185185188,121.05426356589146,188.93755068937548,507.73333333333335
259,connecticut,2011,203.85185185185188,123.03875968992249,182.7088402270884,501.33333333333326
260,connecticut,2010,208.59259259259258,119.06976744186045,180.6326034063261,501.33333333333326
261,connecticut,2009,208.59259259259258,117.08527131782944,176.48012976480132,492.8
262,connecticut,2008,220.44444444444446,115.10077519379844,176.48012976480132,503.4666666666666
263,connecticut,2007,218.0740740740741,113.11627906976746,174.40389294403892,497.06666666666666
264,connecticut,2006,220.44444444444446,111.13178294573645,168.17518248175185,490.6666666666666
265,connecticut,2005,213.33333333333331,107.16279069767442,164.0227088402271,475.73333333333335
266,connecticut,2004,220.44444444444446,105.1782945736434,164.0227088402271,480.0
267,connecticut,2003,220.44444444444446,103.1937984496124,161.94647201946472,475.73333333333335
268,connecticut,2002,225.1851851851852,99.22480620155036,155.71776155717762,471.4666666666667
269,connecticut,2001,225.1851851851852,99.22480620155036,153.64152473641525,467.2
270,connecticut,2000,222.8148148148148,97.24031007751935,153.64152473641525,465.0666666666667
294,delaware,2018,263.11111111111114,142.88372093023253,350.88402270884035,750.9333333333334
295,delaware,2017,272.5925925925927,142.88372093023253,363.34144363341437,772.2666666666668
296,delaware,2016,284.4444444444445,146.85271317829455,373.72262773722633,795.7333333333332
297,delaware,2015,282.07407407407413,142.88372093023253,363.34144363341437,780.8000000000002
298,delaware,2014,286.8148148148148,142.88372093023253,346.7315490673156,768.0
299,delaware,2013,296.2962962962963,142.88372093023253,338.42660178426615,768.0
300,delaware,2012,312.8888888888889,138.91472868217053,328.0454176804542,765.8666666666667
301,delaware,2011,317.6296296296297,136.93023255813952,315.58799675588,757.3333333333335
302,delaware,2010,322.3703703703704,130.97674418604652,282.3682076236821,721.0666666666667
303,delaware,2009,312.8888888888889,128.9922480620155,278.21573398215736,706.1333333333333
304,delaware,2008,320.00000000000006,113.11627906976746,255.37712895377132,672.0
305,delaware,2007,327.1111111111112,117.08527131782944,255.37712895377132,680.5333333333333
306,delaware,2006,334.22222222222223,117.08527131782944,261.6058394160584,695.4666666666667
307,delaware,2005,336.5925925925925,115.10077519379844,257.45336577453367,693.3333333333335
308,delaware,2004,336.5925925925925,113.11627906976746,265.7583130575832,697.6
309,delaware,2003,327.1111111111112,113.11627906976746,244.9959448499595,665.6
310,delaware,2002,329.4814814814815,103.1937984496124,228.38605028386056,642.1333333333333
311,delaware,2001,329.4814814814815,97.24031007751935,222.1573398215734,627.2
312,delaware,2000,322.3703703703704,95.25581395348837,218.00486618004868,616.5333333333333
336,district of columbia,2018,256.00000000000006,202.4186046511628,348.80778588807783,804.2666666666668
337,district of columbia,2017,260.7407407407408,202.4186046511628,348.80778588807783,810.6666666666665
338,district of columbia,2016,265.4814814814815,202.4186046511628,350.88402270884035,819.2
339,district of columbia,2015,270.22222222222223,202.4186046511628,346.7315490673156,814.9333333333333
340,district of columbia,2014,272.5925925925927,198.44961240310082,346.7315490673156,814.9333333333333
341,district of columbia,2013,274.962962962963,200.43410852713177,344.6553122465532,817.0666666666666
342,district of columbia,2012,279.70370370370375,200.43410852713177,342.57907542579085,821.3333333333333
343,district of columbia,2011,282.07407407407413,200.43410852713177,336.3503649635037,817.0666666666666
344,district of columbia,2010,289.1851851851852,198.44961240310082,334.2741281427413,817.0666666666666
345,district of columbia,2009,298.6666666666667,198.44961240310082,336.3503649635037,827.7333333333332
346,district of columbia,2008,320.00000000000006,200.43410852713177,340.50283860502844,853.3333333333335
347,district of columbia,2007,324.7407407407408,198.44961240310082,338.42660178426615,853.3333333333335
348,district of columbia,2006,327.1111111111112,190.51162790697674,332.19789132197894,840.5333333333333
349,district of columbia,2005,331.8518518518518,184.55813953488374,323.89294403892944,832.0
350,district of columbia,2004,327.1111111111112,180.58914728682166,315.58799675588,810.6666666666665
351,district of columbia,2003,327.1111111111112,174.6356589147287,313.5117599351176,802.1333333333334
352,district of columbia,2002,322.3703703703704,164.71317829457362,305.20681265206815,780.8000000000002
353,district of columbia,2001,322.3703703703704,156.7751937984496,303.13057583130575,770.1333333333333
354,district of columbia,2000,329.4814814814815,160.74418604651163,301.05433901054334,778.6666666666665
378,florida,2018,248.88888888888889,103.1937984496124,215.9286293592863,556.8
379,florida,2017,253.62962962962962,103.1937984496124,215.9286293592863,561.0666666666667
380,florida,2016,258.3703703703704,105.1782945736434,213.85239253852401,565.3333333333334
381,florida,2015,263.11111111111114,101.2093023255814,203.4712084347121,556.8
382,florida,2014,260.7407407407408,101.2093023255814,203.4712084347121,552.5333333333333
383,florida,2013,303.40740740740745,97.24031007751935,197.242497972425,580.2666666666668
384,florida,2012,298.6666666666667,101.2093023255814,197.242497972425,580.2666666666668
385,florida,2011,267.8518518518519,97.24031007751935,193.09002433090026,541.8666666666667
386,florida,2010,265.4814814814815,93.27131782945736,188.93755068937548,535.4666666666667
387,florida,2009,282.07407407407413,95.25581395348837,188.93755068937548,550.4000000000002
388,florida,2008,293.92592592592587,95.25581395348837,184.7850770478508,556.8
389,florida,2007,303.40740740740745,95.25581395348837,191.0137875101379,571.7333333333332
390,florida,2006,312.8888888888889,93.27131782945736,188.93755068937548,576.0000000000001
391,florida,2005,315.2592592592593,91.28682170542636,188.93755068937548,576.0000000000001
392,florida,2004,317.6296296296297,91.28682170542636,182.7088402270884,571.7333333333332
393,florida,2003,310.5185185185185,87.31782945736435,178.55636658556372,556.8
394,florida,2002,312.8888888888889,85.33333333333334,174.40389294403892,550.4000000000002
395,florida,2001,312.8888888888889,79.37984496124031,170.25141930251422,541.8666666666667
396,florida,2000,312.8888888888889,81.3643410852713,172.3276561232766,546.1333333333333
420,georgia,2018,225.1851851851852,49.61240310077518,145.33657745336578,405.33333333333326
421,georgia,2017,232.2962962962963,49.61240310077518,145.33657745336578,411.73333333333335
422,georgia,2016,234.66666666666663,49.61240310077518,145.33657745336578,416.0
423,georgia,2015,239.40740740740745,49.61240310077518,143.2603406326034,416.0
424,georgia,2014,241.77777777777783,49.61240310077518,143.2603406326034,420.26666666666665
425,georgia,2013,244.14814814814812,49.61240310077518,143.2603406326034,422.4
426,georgia,2012,251.2592592592593,49.61240310077518,141.18410381184103,424.53333333333336
427,georgia,2011,251.2592592592593,49.61240310077518,139.10786699107868,422.4
428,georgia,2010,256.00000000000006,49.61240310077518,134.95539334955393,422.4
429,georgia,2009,263.11111111111114,49.61240310077518,134.95539334955393,428.8
430,georgia,2008,274.962962962963,49.61240310077518,134.95539334955393,439.4666666666667
431,georgia,2007,282.07407407407413,51.5968992248062,134.95539334955393,448.00000000000006
432,georgia,2006,282.07407407407413,51.5968992248062,134.95539334955393,448.00000000000006
433,georgia,2005,277.33333333333337,51.5968992248062,132.87915652879158,441.6
434,georgia,2004,282.07407407407413,53.58139534883721,134.95539334955393,450.13333333333327
435,georgia,2003,284.4444444444445,51.5968992248062,137.03163017031628,454.4
436,georgia,2002,286.8148148148148,51.5968992248062,137.03163017031628,454.4
437,georgia,2001,284.4444444444445,49.61240310077518,134.95539334955393,450.13333333333327
438,georgia,2000,286.8148148148148,49.61240310077518,143.2603406326034,460.80000000000007
462,hawaii,2018,303.40740740740745,117.08527131782944,164.0227088402271,567.4666666666667
463,hawaii,2017,305.77777777777777,115.10077519379844,164.0227088402271,567.4666666666667
464,hawaii,2016,305.77777777777777,113.11627906976746,161.94647201946472,563.2
465,hawaii,2015,303.40740740740745,111.13178294573645,159.87023519870237,556.8
466,hawaii,2014,301.03703703703707,107.16279069767442,159.87023519870237,552.5333333333333
467,hawaii,2013,296.2962962962963,107.16279069767442,157.79399837794,546.1333333333333
468,hawaii,2012,296.2962962962963,105.1782945736434,155.71776155717762,539.7333333333332
469,hawaii,2011,296.2962962962963,105.1782945736434,151.56528791565287,535.4666666666667
470,hawaii,2010,296.2962962962963,103.1937984496124,147.41281427412815,529.0666666666667
471,hawaii,2009,301.03703703703707,101.2093023255814,147.41281427412815,531.1999999999998
472,hawaii,2008,315.2592592592593,101.2093023255814,149.48905109489053,546.1333333333333
473,hawaii,2007,308.1481481481481,95.25581395348837,159.87023519870237,544.0
474,hawaii,2006,303.40740740740745,93.27131782945736,159.87023519870237,537.6
475,hawaii,2005,308.1481481481481,89.30232558139534,149.48905109489053,526.9333333333333
476,hawaii,2004,327.1111111111112,85.33333333333334,145.33657745336578,533.3333333333334
477,hawaii,2003,308.1481481481481,83.34883720930233,137.03163017031628,507.73333333333335
478,hawaii,2002,301.03703703703707,77.3953488372093,128.72668288726683,486.40000000000015
479,hawaii,2001,308.1481481481481,75.4108527131783,124.5742092457421,486.40000000000015
480,hawaii,2000,315.2592592592593,77.3953488372093,124.5742092457421,494.9333333333333
504,idaho,2018,213.33333333333331,240.1240310077519,172.3276561232766,627.2
505,idaho,2017,213.33333333333331,236.15503875968997,170.25141930251422,620.8
506,idaho,2016,218.0740740740741,236.15503875968997,168.17518248175185,622.9333333333334
507,idaho,2015,222.8148148148148,226.2325581395349,164.0227088402271,612.2666666666668
508,idaho,2014,220.44444444444446,222.2635658914729,159.87023519870237,601.6
509,idaho,2013,227.55555555555557,214.32558139534885,159.87023519870237,599.4666666666667
510,idaho,2012,232.2962962962963,202.4186046511628,159.87023519870237,590.9333333333334
511,idaho,2011,237.03703703703704,182.57364341085272,151.56528791565287,565.3333333333334
512,idaho,2010,251.2592592592593,178.60465116279067,149.48905109489053,571.7333333333332
513,idaho,2009,248.88888888888889,180.58914728682166,145.33657745336578,569.6
514,idaho,2008,272.5925925925927,160.74418604651163,143.2603406326034,563.2
515,idaho,2007,277.33333333333337,144.86821705426354,139.10786699107868,550.4000000000002
516,idaho,2006,270.22222222222223,146.85271317829455,134.95539334955393,539.7333333333332
517,idaho,2005,263.11111111111114,146.85271317829455,126.65044606650446,522.6666666666666
518,idaho,2004,270.22222222222223,142.88372093023253,118.34549878345501,518.4
519,idaho,2003,272.5925925925927,128.9922480620155,114.19302514193028,501.33333333333326
520,idaho,2002,274.962962962963,127.00775193798451,110.04055150040553,497.06666666666666
521,idaho,2001,270.22222222222223,125.02325581395347,110.04055150040553,490.6666666666666
522,idaho,2000,267.8518518518519,128.9922480620155,107.96431467964315,490.6666666666666
546,illinois,2018,256.00000000000006,89.30232558139534,176.48012976480132,509.8666666666666
547,illinois,2017,260.7407407407408,89.30232558139534,172.3276561232766,507.73333333333335
548,illinois,2016,265.4814814814815,85.33333333333334,159.87023519870237,492.8
549,illinois,2015,265.4814814814815,85.33333333333334,166.09894566098947,503.4666666666666
550,illinois,2014,265.4814814814815,83.34883720930233,161.94647201946472,494.9333333333333
551,illinois,2013,267.8518518518519,83.34883720930233,159.87023519870237,497.06666666666666
552,illinois,2012,272.5925925925927,85.33333333333334,159.87023519870237,501.33333333333326
553,illinois,2011,282.07407407407413,81.3643410852713,155.71776155717762,501.33333333333326
554,illinois,2010,289.1851851851852,79.37984496124031,153.64152473641525,501.33333333333326
555,illinois,2009,293.92592592592587,77.3953488372093,151.56528791565287,503.4666666666666
556,illinois,2008,291.5555555555556,75.4108527131783,153.64152473641525,499.2
557,illinois,2007,293.92592592592587,81.3643410852713,153.64152473641525,507.73333333333335
558,illinois,2006,293.92592592592587,73.42635658914728,153.64152473641525,501.33333333333326
559,illinois,2005,291.5555555555556,67.47286821705426,147.41281427412815,488.53333333333336
560,illinois,2004,293.92592592592587,63.503875968992254,139.10786699107868,473.60000000000014
561,illinois,2003,298.6666666666667,69.45736434108527,153.64152473641525,503.4666666666666
562,illinois,2002,303.40740740740745,65.48837209302324,134.95539334955393,482.1333333333334
563,illinois,2001,301.03703703703707,63.503875968992254,141.18410381184103,486.40000000000015
564,illinois,2000,303.40740740740745,63.503875968992254,130.8029197080292,477.86666666666673
588,indiana,2018,227.55555555555557,57.55038759689922,186.86131386861317,458.66666666666674
589,indiana,2017,229.92592592592598,57.55038759689922,176.48012976480132,450.13333333333327
590,indiana,2016,232.2962962962963,57.55038759689922,184.7850770478508,462.9333333333333
591,indiana,2015,232.2962962962963,55.56589147286822,182.7088402270884,456.53333333333336
592,indiana,2014,232.2962962962963,53.58139534883721,166.09894566098947,437.33333333333326
593,indiana,2013,237.03703703703704,55.56589147286822,168.17518248175185,445.86666666666673
594,indiana,2012,241.77777777777783,55.56589147286822,164.0227088402271,443.73333333333335
595,indiana,2011,241.77777777777783,53.58139534883721,151.56528791565287,430.9333333333333
596,indiana,2010,244.14814814814812,51.5968992248062,153.64152473641525,433.06666666666666
597,indiana,2009,256.00000000000006,49.61240310077518,149.48905109489053,437.33333333333326
598,indiana,2008,260.7407407407408,47.627906976744185,151.56528791565287,443.73333333333335
599,indiana,2007,267.8518518518519,47.627906976744185,149.48905109489053,445.86666666666673
600,indiana,2006,258.3703703703704,49.61240310077518,137.03163017031628,426.66666666666674
601,indiana,2005,263.11111111111114,43.65891472868218,141.18410381184103,428.8
602,indiana,2004,270.22222222222223,43.65891472868218,134.95539334955393,428.8
603,indiana,2003,263.11111111111114,41.67441860465117,132.87915652879158,418.13333333333327
604,indiana,2002,267.8518518518519,39.689922480620154,124.5742092457421,411.73333333333335
605,indiana,2001,272.5925925925927,37.70542635658914,128.72668288726683,418.13333333333327
606,indiana,2000,274.962962962963,39.689922480620154,126.65044606650446,422.4
630,iowa,2018,293.92592592592587,45.64341085271318,191.0137875101379,509.8666666666666
631,iowa,2017,301.03703703703707,47.627906976744185,184.7850770478508,512.0
632,iowa,2016,308.1481481481481,45.64341085271318,180.6326034063261,512.0
633,iowa,2015,310.5185185185185,43.65891472868218,172.3276561232766,503.4666666666666
634,iowa,2014,317.6296296296297,41.67441860465117,168.17518248175185,505.6
635,iowa,2013,315.2592592592593,43.65891472868218,164.0227088402271,499.2
636,iowa,2012,322.3703703703704,45.64341085271318,168.17518248175185,512.0
637,iowa,2011,327.1111111111112,41.67441860465117,161.94647201946472,505.6
638,iowa,2010,329.4814814814815,35.72093023255813,151.56528791565287,490.6666666666666
639,iowa,2009,336.5925925925925,35.72093023255813,149.48905109489053,492.8
640,iowa,2008,338.962962962963,33.73643410852713,145.33657745336578,490.6666666666666
641,iowa,2007,334.22222222222223,33.73643410852713,139.10786699107868,480.0
642,iowa,2006,329.4814814814815,31.751937984496127,134.95539334955393,469.33333333333337
643,iowa,2005,331.8518518518518,31.751937984496127,126.65044606650446,460.80000000000007
644,iowa,2004,329.4814814814815,31.751937984496127,118.34549878345501,452.2666666666667
645,iowa,2003,327.1111111111112,29.767441860465123,112.1167883211679,441.6
646,iowa,2002,327.1111111111112,27.78294573643411,105.88807785888079,435.2000000000001
647,iowa,2001,322.3703703703704,25.7984496124031,103.81184103811842,424.53333333333336
648,iowa,2000,320.00000000000006,25.7984496124031,103.81184103811842,422.4
672,kansas,2018,234.66666666666663,27.78294573643411,164.0227088402271,409.6
673,kansas,2017,244.14814814814812,27.78294573643411,166.09894566098947,422.4
674,kansas,2016,241.77777777777783,27.78294573643411,155.71776155717762,409.6
675,kansas,2015,244.14814814814812,27.78294573643411,153.64152473641525,407.4666666666666
676,kansas,2014,246.51851851851856,27.78294573643411,155.71776155717762,411.73333333333335
677,kansas,2013,234.66666666666663,27.78294573643411,157.79399837794,401.0666666666667
678,kansas,2012,258.3703703703704,27.78294573643411,149.48905109489053,416.0
679,kansas,2011,253.62962962962962,27.78294573643411,143.2603406326034,405.33333333333326
680,kansas,2010,267.8518518518519,27.78294573643411,141.18410381184103,416.0
681,kansas,2009,279.70370370370375,27.78294573643411,139.10786699107868,424.53333333333336
682,kansas,2008,289.1851851851852,27.78294573643411,134.95539334955393,428.8
683,kansas,2007,277.33333333333337,29.767441860465123,132.87915652879158,418.13333333333327
684,kansas,2006,270.22222222222223,35.72093023255813,126.65044606650446,413.86666666666673
685,kansas,2005,270.22222222222223,35.72093023255813,118.34549878345501,403.2000000000001
686,kansas,2004,270.22222222222223,31.751937984496127,116.26926196269262,396.8
687,kansas,2003,274.962962962963,33.73643410852713,116.26926196269262,403.2000000000001
688,kansas,2002,282.07407407407413,29.767441860465123,112.1167883211679,401.0666666666667
689,kansas,2001,265.4814814814815,29.767441860465123,110.04055150040553,384.0
690,kansas,2000,267.8518518518519,29.767441860465123,110.04055150040553,388.2666666666667
714,kentucky,2018,220.44444444444446,43.65891472868218,168.17518248175185,416.0
715,kentucky,2017,222.8148148148148,41.67441860465117,170.25141930251422,420.26666666666665
716,kentucky,2016,227.55555555555557,43.65891472868218,164.0227088402271,422.4
717,kentucky,2015,234.66666666666663,43.65891472868218,157.79399837794,420.26666666666665
718,kentucky,2014,222.8148148148148,41.67441860465117,149.48905109489053,401.0666666666667
719,kentucky,2013,225.1851851851852,39.689922480620154,145.33657745336578,394.66666666666674
720,kentucky,2012,229.92592592592598,39.689922480620154,145.33657745336578,398.93333333333334
721,kentucky,2011,222.8148148148148,37.70542635658914,137.03163017031628,381.86666666666673
722,kentucky,2010,237.03703703703704,35.72093023255813,137.03163017031628,390.4
723,kentucky,2009,241.77777777777783,35.72093023255813,134.95539334955393,394.66666666666674
724,kentucky,2008,244.14814814814812,33.73643410852713,134.95539334955393,394.66666666666674
725,kentucky,2007,246.51851851851856,33.73643410852713,130.8029197080292,394.66666666666674
726,kentucky,2006,246.51851851851856,33.73643410852713,128.72668288726683,388.2666666666667
727,kentucky,2005,246.51851851851856,27.78294573643411,126.65044606650446,384.0
728,kentucky,2004,253.62962962962962,33.73643410852713,118.34549878345501,386.1333333333334
729,kentucky,2003,244.14814814814812,29.767441860465123,118.34549878345501,373.33333333333337
730,kentucky,2002,256.00000000000006,27.78294573643411,112.1167883211679,377.6
731,kentucky,2001,246.51851851851856,23.813953488372093,95.50689375506894,347.7333333333333
732,kentucky,2000,253.62962962962962,27.78294573643411,110.04055150040553,371.2
756,louisiana,2018,291.5555555555556,67.47286821705426,205.54744525547449,544.0
757,louisiana,2017,293.92592592592587,67.47286821705426,207.62368207623683,548.2666666666668
758,louisiana,2016,296.2962962962963,67.47286821705426,207.62368207623683,552.5333333333333
759,louisiana,2015,301.03703703703707,65.48837209302324,203.4712084347121,552.5333333333333
760,louisiana,2014,308.1481481481481,65.48837209302324,199.31873479318736,552.5333333333333
761,louisiana,2013,317.6296296296297,63.503875968992254,193.09002433090026,552.5333333333333
762,louisiana,2012,327.1111111111112,63.503875968992254,186.86131386861317,552.5333333333333
763,louisiana,2011,329.4814814814815,59.534883720930225,182.7088402270884,548.2666666666668
764,louisiana,2010,336.5925925925925,55.56589147286822,174.40389294403892,544.0
765,louisiana,2009,355.55555555555566,55.56589147286822,176.48012976480132,561.0666666666667
766,louisiana,2008,367.40740740740745,51.5968992248062,172.3276561232766,563.2
767,louisiana,2007,372.1481481481482,53.58139534883721,168.17518248175185,567.4666666666667
768,louisiana,2006,376.88888888888886,49.61240310077518,161.94647201946472,561.0666666666667
769,louisiana,2005,348.44444444444434,47.627906976744185,147.41281427412815,514.1333333333333
770,louisiana,2004,327.1111111111112,51.5968992248062,151.56528791565287,503.4666666666666
771,louisiana,2003,334.22222222222223,49.61240310077518,149.48905109489053,507.73333333333335
772,louisiana,2002,312.8888888888889,47.627906976744185,145.33657745336578,482.1333333333334
773,louisiana,2001,353.18518518518516,45.64341085271318,143.2603406326034,514.1333333333333
774,louisiana,2000,357.9259259259259,43.65891472868218,145.33657745336578,520.5333333333333
798,maine,2018,317.6296296296297,87.31782945736435,222.1573398215734,608.0
799,maine,2017,320.00000000000006,87.31782945736435,220.08110300081105,608.0
800,maine,2016,322.3703703703704,87.31782945736435,209.6999188969992,599.4666666666667
801,maine,2015,324.7407407407408,87.31782945736435,201.3949716139497,593.0666666666667
802,maine,2014,322.3703703703704,83.34883720930233,193.09002433090026,578.1333333333333
803,maine,2013,322.3703703703704,83.34883720930233,188.93755068937548,573.8666666666667
804,maine,2012,317.6296296296297,83.34883720930233,184.7850770478508,565.3333333333334
805,maine,2011,310.5185185185185,83.34883720930233,180.6326034063261,554.6666666666667
806,maine,2010,308.1481481481481,83.34883720930233,174.40389294403892,546.1333333333333
807,maine,2009,310.5185185185185,83.34883720930233,170.25141930251422,544.0
808,maine,2008,315.2592592592593,83.34883720930233,168.17518248175185,546.1333333333333
809,maine,2007,320.00000000000006,83.34883720930233,166.09894566098947,548.2666666666668
810,maine,2006,317.6296296296297,83.34883720930233,161.94647201946472,541.8666666666667
811,maine,2005,317.6296296296297,81.3643410852713,159.87023519870237,537.6
812,maine,2004,298.6666666666667,81.3643410852713,157.79399837794,520.5333333333333
813,maine,2003,296.2962962962963,79.37984496124031,153.64152473641525,509.8666666666666
814,maine,2002,291.5555555555556,79.37984496124031,145.33657745336578,497.06666666666666
815,maine,2001,286.8148148148148,73.42635658914728,145.33657745336578,486.40000000000015
816,maine,2000,277.33333333333337,75.4108527131783,141.18410381184103,475.73333333333335
840,maryland,2018,184.88888888888889,77.3953488372093,188.93755068937548,443.73333333333335
841,maryland,2017,194.3703703703704,79.37984496124031,191.0137875101379,456.53333333333336
842,maryland,2016,196.74074074074082,79.37984496124031,191.0137875101379,460.80000000000007
843,maryland,2015,201.48148148148152,77.3953488372093,186.86131386861317,456.53333333333336
844,maryland,2014,203.85185185185188,77.3953488372093,186.86131386861317,458.66666666666674
845,maryland,2013,210.96296296296296,77.3953488372093,186.86131386861317,465.0666666666667
846,maryland,2012,215.7037037037037,77.3953488372093,186.86131386861317,471.4666666666667
847,maryland,2011,218.0740740740741,77.3953488372093,184.7850770478508,467.2
848,maryland,2010,222.8148148148148,75.4108527131783,184.7850770478508,471.4666666666667
849,maryland,2009,227.55555555555557,71.44186046511626,178.55636658556372,467.2
850,maryland,2008,234.66666666666663,71.44186046511626,174.40389294403892,467.2
851,maryland,2007,239.40740740740745,71.44186046511626,174.40389294403892,469.33333333333337
852,maryland,2006,239.40740740740745,67.47286821705426,172.3276561232766,465.0666666666667
853,maryland,2005,241.77777777777783,67.47286821705426,168.17518248175185,460.80000000000007
854,maryland,2004,244.14814814814812,65.48837209302324,164.0227088402271,458.66666666666674
855,maryland,2003,244.14814814814812,63.503875968992254,159.87023519870237,452.2666666666667
856,maryland,2002,251.2592592592593,61.51937984496124,157.79399837794,452.2666666666667
857,maryland,2001,251.2592592592593,59.534883720930225,155.71776155717762,450.13333333333327
858,maryland,2000,246.51851851851856,59.534883720930225,155.71776155717762,445.86666666666673
882,massachusetts,2018,215.7037037037037,125.02325581395347,207.62368207623683,544.0
883,massachusetts,2017,225.1851851851852,130.97674418604652,201.3949716139497,550.4000000000002
884,massachusetts,2016,225.1851851851852,128.9922480620155,201.3949716139497,546.1333333333333
885,massachusetts,2015,227.55555555555557,128.9922480620155,188.93755068937548,537.6
886,massachusetts,2014,232.2962962962963,130.97674418604652,188.93755068937548,541.8666666666667
887,massachusetts,2013,237.03703703703704,130.97674418604652,184.7850770478508,544.0
888,massachusetts,2012,244.14814814814812,128.9922480620155,182.7088402270884,546.1333333333333
889,massachusetts,2011,241.77777777777783,127.00775193798451,182.7088402270884,541.8666666666667
890,massachusetts,2010,246.51851851851856,123.03875968992249,174.40389294403892,533.3333333333334
891,massachusetts,2009,244.14814814814812,123.03875968992249,176.48012976480132,531.1999999999998
892,massachusetts,2008,256.00000000000006,123.03875968992249,174.40389294403892,541.8666666666667
893,massachusetts,2007,263.11111111111114,123.03875968992249,180.6326034063261,552.5333333333333
894,massachusetts,2006,260.7407407407408,121.05426356589146,176.48012976480132,546.1333333333333
895,massachusetts,2005,253.62962962962962,117.08527131782944,176.48012976480132,535.4666666666667
896,massachusetts,2004,260.7407407407408,115.10077519379844,174.40389294403892,537.6
897,massachusetts,2003,260.7407407407408,111.13178294573645,170.25141930251422,531.1999999999998
898,massachusetts,2002,267.8518518518519,107.16279069767442,166.09894566098947,526.9333333333333
899,massachusetts,2001,267.8518518518519,103.1937984496124,164.0227088402271,520.5333333333333
900,massachusetts,2000,274.962962962963,101.2093023255814,180.6326034063261,544.0
924,michigan,2018,237.03703703703704,79.37984496124031,199.31873479318736,503.4666666666666
925,michigan,2017,239.40740740740745,79.37984496124031,193.09002433090026,499.2
926,michigan,2016,244.14814814814812,77.3953488372093,188.93755068937548,499.2
927,michigan,2015,234.66666666666663,71.44186046511626,184.7850770478508,477.86666666666673
928,michigan,2014,248.88888888888889,77.3953488372093,182.7088402270884,494.9333333333333
929,michigan,2013,239.40740740740745,73.42635658914728,176.48012976480132,475.73333333333335
930,michigan,2012,256.00000000000006,69.45736434108527,174.40389294403892,484.2666666666667
931,michigan,2011,253.62962962962962,69.45736434108527,172.3276561232766,480.0
932,michigan,2010,258.3703703703704,65.48837209302324,168.17518248175185,475.73333333333335
933,michigan,2009,263.11111111111114,63.503875968992254,166.09894566098947,475.73333333333335
934,michigan,2008,267.8518518518519,59.534883720930225,164.0227088402271,473.60000000000014
935,michigan,2007,267.8518518518519,59.534883720930225,159.87023519870237,467.2
936,michigan,2006,267.8518518518519,57.55038759689922,157.79399837794,465.0666666666667
937,michigan,2005,272.5925925925927,55.56589147286822,153.64152473641525,460.80000000000007
938,michigan,2004,274.962962962963,53.58139534883721,149.48905109489053,458.66666666666674
939,michigan,2003,277.33333333333337,55.56589147286822,149.48905109489053,462.9333333333333
940,michigan,2002,282.07407407407413,49.61240310077518,143.2603406326034,454.4
941,michigan,2001,279.70370370370375,45.64341085271318,141.18410381184103,445.86666666666673
942,michigan,2000,284.4444444444445,47.627906976744185,141.18410381184103,454.4
966,minnesota,2018,270.22222222222223,87.31782945736435,251.22465531224654,595.2
967,minnesota,2017,272.5925925925927,87.31782945736435,247.0721816707219,590.9333333333334
968,minnesota,2016,272.5925925925927,87.31782945736435,242.91970802919715,590.9333333333334
969,minnesota,2015,274.962962962963,85.33333333333334,236.69099756691003,582.4
970,minnesota,2014,270.22222222222223,87.31782945736435,255.37712895377132,599.4666666666667
971,minnesota,2013,270.22222222222223,85.33333333333334,240.84347120843475,582.4
972,minnesota,2012,279.70370370370375,83.34883720930233,230.46228710462293,578.1333333333333
973,minnesota,2011,267.8518518518519,67.47286821705426,207.62368207623683,526.9333333333333
974,minnesota,2010,270.22222222222223,65.48837209302324,201.3949716139497,520.5333333333333
975,minnesota,2009,282.07407407407413,73.42635658914728,215.9286293592863,552.5333333333333
976,minnesota,2008,286.8148148148148,71.44186046511626,213.85239253852401,554.6666666666667
977,minnesota,2007,291.5555555555556,71.44186046511626,209.6999188969992,554.6666666666667
978,minnesota,2006,272.5925925925927,63.503875968992254,193.09002433090026,512.0
979,minnesota,2005,279.70370370370375,65.48837209302324,201.3949716139497,529.0666666666667
980,minnesota,2004,293.92592592592587,61.51937984496124,195.16626115166264,533.3333333333334
981,minnesota,2003,289.1851851851852,57.55038759689922,188.93755068937548,518.4
982,minnesota,2002,298.6666666666667,55.56589147286822,182.7088402270884,514.1333333333333
983,minnesota,2001,296.2962962962963,51.5968992248062,182.7088402270884,509.8666666666666
984,minnesota,2000,293.92592592592587,51.5968992248062,180.6326034063261,505.6
1008,mississippi,2018,286.8148148148148,35.72093023255813,161.94647201946472,462.9333333333333
1009,mississippi,2017,296.2962962962963,35.72093023255813,159.87023519870237,469.33333333333337
1010,mississippi,2016,303.40740740740745,33.73643410852713,159.87023519870237,475.73333333333335
1011,mississippi,2015,310.5185185185185,33.73643410852713,159.87023519870237,477.86666666666673
1012,mississippi,2014,315.2592592592593,31.751937984496127,155.71776155717762,477.86666666666673
1013,mississippi,2013,320.00000000000006,31.751937984496127,151.56528791565287,480.0
1014,mississippi,2012,324.7407407407408,31.751937984496127,147.41281427412815,477.86666666666673
1015,mississippi,2011,322.3703703703704,31.751937984496127,147.41281427412815,473.60000000000014
1016,mississippi,2010,324.7407407407408,29.767441860465123,145.33657745336578,473.60000000000014
1017,mississippi,2009,334.22222222222223,29.767441860465123,145.33657745336578,482.1333333333334
1018,mississippi,2008,341.3333333333333,29.767441860465123,145.33657745336578,486.40000000000015
1019,mississippi,2007,343.7037037037037,27.78294573643411,141.18410381184103,482.1333333333334
1020,mississippi,2006,338.962962962963,25.7984496124031,139.10786699107868,475.73333333333335
1021,mississippi,2005,331.8518518518518,25.7984496124031,134.95539334955393,465.0666666666667
1022,mississippi,2004,327.1111111111112,25.7984496124031,130.8029197080292,456.53333333333336
1023,mississippi,2003,327.1111111111112,23.813953488372093,130.8029197080292,454.4
1024,mississippi,2002,334.22222222222223,23.813953488372093,126.65044606650446,454.4
1025,mississippi,2001,331.8518518518518,21.82945736434109,124.5742092457421,450.13333333333327
1026,mississippi,2000,338.962962962963,21.82945736434109,126.65044606650446,456.53333333333336
1050,missouri,2018,263.11111111111114,75.4108527131783,211.77615571776158,535.4666666666667
1051,missouri,2017,267.8518518518519,77.3953488372093,209.6999188969992,539.7333333333332
1052,missouri,2016,274.962962962963,75.4108527131783,199.31873479318736,531.1999999999998
1053,missouri,2015,277.33333333333337,77.3953488372093,201.3949716139497,539.7333333333332
1054,missouri,2014,274.962962962963,71.44186046511626,182.7088402270884,512.0
1055,missouri,2013,282.07407407407413,71.44186046511626,184.7850770478508,520.5333333333333
1056,missouri,2012,289.1851851851852,67.47286821705426,178.55636658556372,516.2666666666668
1057,missouri,2011,293.92592592592587,67.47286821705426,178.55636658556372,522.6666666666666
1058,missouri,2010,301.03703703703707,63.503875968992254,168.17518248175185,514.1333333333333
1059,missouri,2009,308.1481481481481,59.534883720930225,172.3276561232766,518.4
1060,missouri,2008,312.8888888888889,59.534883720930225,166.09894566098947,516.2666666666668
1061,missouri,2007,315.2592592592593,59.534883720930225,161.94647201946472,512.0
1062,missouri,2006,315.2592592592593,55.56589147286822,157.79399837794,505.6
1063,missouri,2005,310.5185185185185,53.58139534883721,151.56528791565287,490.6666666666666
1064,missouri,2004,315.2592592592593,53.58139534883721,149.48905109489053,494.9333333333333
1065,missouri,2003,317.6296296296297,51.5968992248062,145.33657745336578,488.53333333333336
1066,missouri,2002,322.3703703703704,49.61240310077518,139.10786699107868,484.2666666666667
1067,missouri,2001,317.6296296296297,45.64341085271318,139.10786699107868,480.0
1068,missouri,2000,320.00000000000006,45.64341085271318,139.10786699107868,480.0
1092,montana,2018,379.25925925925935,101.2093023255814,205.54744525547449,661.3333333333334
1093,montana,2017,381.6296296296296,101.2093023255814,203.4712084347121,661.3333333333334
1094,montana,2016,384.00000000000006,103.1937984496124,203.4712084347121,665.6
1095,montana,2015,386.3703703703704,99.22480620155036,199.31873479318736,659.2
1096,montana,2014,386.3703703703704,99.22480620155036,199.31873479318736,659.2
1097,montana,2013,388.7407407407408,97.24031007751935,197.242497972425,654.9333333333333
1098,montana,2012,391.1111111111112,95.25581395348837,195.16626115166264,657.0666666666667
1099,montana,2011,381.6296296296296,93.27131782945736,186.86131386861317,635.7333333333332
1100,montana,2010,391.1111111111112,89.30232558139534,182.7088402270884,635.7333333333332
1101,montana,2009,388.7407407407408,89.30232558139534,180.6326034063261,631.4666666666667
1102,montana,2008,393.48148148148147,87.31782945736435,180.6326034063261,633.6
1103,montana,2007,393.48148148148147,85.33333333333334,176.48012976480132,627.2
1104,montana,2006,386.3703703703704,81.3643410852713,170.25141930251422,612.2666666666668
1105,montana,2005,376.88888888888886,83.34883720930233,159.87023519870237,593.0666666666667
1106,montana,2004,372.1481481481482,67.47286821705426,155.71776155717762,567.4666666666667
1107,montana,2003,369.77777777777777,65.48837209302324,149.48905109489053,558.9333333333334
1108,montana,2002,384.00000000000006,65.48837209302324,145.33657745336578,565.3333333333334
1109,montana,2001,374.51851851851853,59.534883720930225,141.18410381184103,546.1333333333333
1110,montana,2000,372.1481481481482,57.55038759689922,141.18410381184103,541.8666666666667
1134,nebraska,2018,289.1851851851852,41.67441860465117,151.56528791565287,460.80000000000007
1135,nebraska,2017,298.6666666666667,43.65891472868218,149.48905109489053,469.33333333333337
1136,nebraska,2016,308.1481481481481,43.65891472868218,149.48905109489053,477.86666666666673
1137,nebraska,2015,317.6296296296297,43.65891472868218,147.41281427412815,484.2666666666667
1138,nebraska,2014,324.7407407407408,41.67441860465117,149.48905109489053,490.6666666666666
1139,nebraska,2013,329.4814814814815,41.67441860465117,147.41281427412815,494.9333333333333
1140,nebraska,2012,334.22222222222223,41.67441860465117,143.2603406326034,494.9333333333333
1141,nebraska,2011,329.4814814814815,41.67441860465117,143.2603406326034,488.53333333333336
1142,nebraska,2010,331.8518518518518,41.67441860465117,139.10786699107868,486.40000000000015
1143,nebraska,2009,336.5925925925925,39.689922480620154,139.10786699107868,488.53333333333336
1144,nebraska,2008,343.7037037037037,39.689922480620154,141.18410381184103,497.06666666666666
1145,nebraska,2007,338.962962962963,39.689922480620154,139.10786699107868,492.8
1146,nebraska,2006,336.5925925925925,41.67441860465117,147.41281427412815,501.33333333333326
1147,nebraska,2005,334.22222222222223,39.689922480620154,141.18410381184103,488.53333333333336
1148,nebraska,2004,341.3333333333333,39.689922480620154,134.95539334955393,486.40000000000015
1149,nebraska,2003,338.962962962963,37.70542635658914,130.8029197080292,477.86666666666673
1150,nebraska,2002,343.7037037037037,33.73643410852713,126.65044606650446,475.73333333333335
1151,nebraska,2001,338.962962962963,31.751937984496127,124.5742092457421,469.33333333333337
1152,nebraska,2000,341.3333333333333,33.73643410852713,128.72668288726683,475.73333333333335
1176,nevada,2018,320.00000000000006,119.06976744186045,303.13057583130575,729.6
1177,nevada,2017,331.8518518518518,121.05426356589146,303.13057583130575,740.2666666666668
1178,nevada,2016,336.5925925925925,123.03875968992249,303.13057583130575,746.6666666666667
1179,nevada,2015,329.4814814814815,130.97674418604652,269.91078669910786,714.6666666666665
1180,nevada,2014,334.22222222222223,130.97674418604652,271.98702351987026,721.0666666666667
1181,nevada,2013,334.22222222222223,125.02325581395347,265.7583130575832,708.2666666666668
1182,nevada,2012,334.22222222222223,123.03875968992249,259.52960259529596,699.7333333333335
1183,nevada,2011,343.7037037037037,125.02325581395347,263.6820762368208,714.6666666666665
1184,nevada,2010,353.18518518518516,119.06976744186045,251.22465531224654,704.0
1185,nevada,2009,362.66666666666674,111.13178294573645,230.46228710462293,684.8000000000002
1186,nevada,2008,386.3703703703704,121.05426356589146,267.8345498783455,753.0666666666666
1187,nevada,2007,393.48148148148147,123.03875968992249,255.37712895377132,750.9333333333334
1188,nevada,2006,405.33333333333326,128.9922480620155,265.7583130575832,774.4
1189,nevada,2005,400.5925925925928,123.03875968992249,251.22465531224654,750.9333333333334
1190,nevada,2004,410.0740740740741,125.02325581395347,259.52960259529596,770.1333333333333
1191,nevada,2003,412.4444444444445,121.05426356589146,255.37712895377132,765.8666666666667
1192,nevada,2002,412.4444444444445,119.06976744186045,253.3008921330089,759.4666666666667
1193,nevada,2001,424.2962962962963,117.08527131782944,251.22465531224654,765.8666666666667
1194,nevada,2000,424.2962962962963,123.03875968992249,261.6058394160584,782.9333333333334
1218,new hampshire,2018,424.2962962962963,166.69767441860466,423.55231143552317,996.2666666666668
1219,new hampshire,2017,433.77777777777777,172.65116279069767,417.323600973236,1006.9333333333333
1220,new hampshire,2016,440.88888888888886,174.6356589147287,413.17112733171126,1011.2
1221,new hampshire,2015,443.25925925925935,174.6356589147287,404.8661800486618,1002.6666666666667
1222,new hampshire,2014,400.5925925925928,176.6201550387597,404.8661800486618,966.4
1223,new hampshire,2013,440.88888888888886,176.6201550387597,398.63746958637466,996.2666666666668
1224,new hampshire,2012,450.3703703703704,170.66666666666669,390.33252230332533,989.8666666666667
1225,new hampshire,2011,440.88888888888886,182.57364341085272,411.09489051094886,1015.4666666666667
1226,new hampshire,2010,429.03703703703695,166.69767441860466,384.1038118410381,960.0
1227,new hampshire,2009,424.2962962962963,166.69767441860466,382.0275750202758,953.6
1228,new hampshire,2008,421.9259259259259,160.74418604651163,371.646390916464,936.5333333333333
1229,new hampshire,2007,431.40740740740745,156.7751937984496,363.34144363341437,930.1333333333333
1230,new hampshire,2006,410.0740740740741,154.7906976744186,367.4939172749392,913.0666666666667
1231,new hampshire,2005,414.8148148148149,148.83720930232556,355.036496350365,896.0000000000001
1232,new hampshire,2004,412.4444444444445,144.86821705426354,346.7315490673156,883.1999999999998
1233,new hampshire,2003,414.8148148148149,140.89922480620154,338.42660178426615,872.5333333333333
1234,new hampshire,2002,414.8148148148149,138.91472868217053,340.50283860502844,872.5333333333333
1235,new hampshire,2001,414.8148148148149,130.97674418604652,336.3503649635037,859.7333333333335
1236,new hampshire,2000,421.9259259259259,128.9922480620155,338.42660178426615,866.1333333333333
1260,new jersey,2018,189.62962962962962,113.11627906976746,203.4712084347121,503.4666666666666
1261,new jersey,2017,189.62962962962962,119.06976744186045,199.31873479318736,503.4666666666666
1262,new jersey,2016,196.74074074074082,119.06976744186045,193.09002433090026,503.4666666666666
1263,new jersey,2015,199.11111111111111,119.06976744186045,193.09002433090026,505.6
1264,new jersey,2014,199.11111111111111,123.03875968992249,193.09002433090026,509.8666666666666
1265,new jersey,2013,199.11111111111111,121.05426356589146,191.0137875101379,505.6
1266,new jersey,2012,210.96296296296296,119.06976744186045,188.93755068937548,512.0
1267,new jersey,2011,210.96296296296296,115.10077519379844,184.7850770478508,505.6
1268,new jersey,2010,218.0740740740741,113.11627906976746,178.55636658556372,501.33333333333326
1269,new jersey,2009,215.7037037037037,113.11627906976746,178.55636658556372,499.2
1270,new jersey,2008,220.44444444444446,109.14728682170544,178.55636658556372,501.33333333333326
1271,new jersey,2007,220.44444444444446,109.14728682170544,178.55636658556372,497.06666666666666
1272,new jersey,2006,225.1851851851852,107.16279069767442,176.48012976480132,497.06666666666666
1273,new jersey,2005,225.1851851851852,103.1937984496124,172.3276561232766,490.6666666666666
1274,new jersey,2004,227.55555555555557,103.1937984496124,170.25141930251422,490.6666666666666
1275,new jersey,2003,225.1851851851852,99.22480620155036,166.09894566098947,477.86666666666673
1276,new jersey,2002,232.2962962962963,97.24031007751935,159.87023519870237,477.86666666666673
1277,new jersey,2001,234.66666666666663,93.27131782945736,155.71776155717762,469.33333333333337
1278,new jersey,2000,229.92592592592598,93.27131782945736,157.79399837794,469.33333333333337
1302,new mexico,2018,253.62962962962962,61.51937984496124,184.7850770478508,482.1333333333334
1303,new mexico,2017,248.88888888888889,59.534883720930225,168.17518248175185,460.80000000000007
1304,new mexico,2016,260.7407407407408,61.51937984496124,174.40389294403892,482.1333333333334
1305,new mexico,2015,241.77777777777783,59.534883720930225,161.94647201946472,448.00000000000006
1306,new mexico,2014,305.77777777777777,61.51937984496124,170.25141930251422,514.1333333333333
1307,new mexico,2013,277.33333333333337,67.47286821705426,174.40389294403892,499.2
1308,new mexico,2012,293.92592592592587,65.48837209302324,164.0227088402271,503.4666666666666
1309,new mexico,2011,312.8888888888889,61.51937984496124,149.48905109489053,501.33333333333326
1310,new mexico,2010,291.5555555555556,61.51937984496124,153.64152473641525,486.40000000000015
1311,new mexico,2009,317.6296296296297,61.51937984496124,149.48905109489053,507.73333333333335
1312,new mexico,2008,334.22222222222223,61.51937984496124,147.41281427412815,518.4
1313,new mexico,2007,329.4814814814815,59.534883720930225,145.33657745336578,509.8666666666666
1314,new mexico,2006,324.7407407407408,59.534883720930225,143.2603406326034,503.4666666666666
1315,new mexico,2005,348.44444444444434,57.55038759689922,137.03163017031628,516.2666666666668
1316,new mexico,2004,346.0740740740741,49.61240310077518,137.03163017031628,503.4666666666666
1317,new mexico,2003,360.2962962962963,53.58139534883721,126.65044606650446,512.0
1318,new mexico,2002,360.2962962962963,51.5968992248062,126.65044606650446,512.0
1319,new mexico,2001,365.03703703703695,49.61240310077518,126.65044606650446,509.8666666666666
1320,new mexico,2000,362.66666666666674,49.61240310077518,126.65044606650446,507.73333333333335
1344,new york,2018,208.59259259259258,103.1937984496124,168.17518248175185,471.4666666666667
1345,new york,2017,213.33333333333331,107.16279069767442,164.0227088402271,475.73333333333335
1346,new york,2016,215.7037037037037,105.1782945736434,164.0227088402271,475.73333333333335
1347,new york,2015,215.7037037037037,99.22480620155036,159.87023519870237,467.2
1348,new york,2014,213.33333333333331,107.16279069767442,159.87023519870237,469.33333333333337
1349,new york,2013,220.44444444444446,101.2093023255814,159.87023519870237,471.4666666666667
1350,new york,2012,215.7037037037037,101.2093023255814,155.71776155717762,462.9333333333333
1351,new york,2011,210.96296296296296,99.22480620155036,151.56528791565287,450.13333333333327
1352,new york,2010,210.96296296296296,95.25581395348837,147.41281427412815,445.86666666666673
1353,new york,2009,218.0740740740741,93.27131782945736,145.33657745336578,443.73333333333335
1354,new york,2008,220.44444444444446,93.27131782945736,141.18410381184103,443.73333333333335
1355,new york,2007,220.44444444444446,93.27131782945736,143.2603406326034,448.00000000000006
1356,new york,2006,210.96296296296296,91.28682170542636,137.03163017031628,428.8
1357,new york,2005,215.7037037037037,85.33333333333334,134.95539334955393,424.53333333333336
1358,new york,2004,218.0740740740741,83.34883720930233,128.72668288726683,418.13333333333327
1359,new york,2003,220.44444444444446,79.37984496124031,126.65044606650446,413.86666666666673
1360,new york,2002,225.1851851851852,75.4108527131783,122.49797242497972,409.6
1361,new york,2001,227.55555555555557,73.42635658914728,116.26926196269262,403.2000000000001
1362,new york,2000,218.0740740740741,75.4108527131783,120.42173560421736,401.0666666666667
1386,north carolina,2018,246.51851851851856,89.30232558139534,141.18410381184103,462.9333333333333
1387,north carolina,2017,248.88888888888889,87.31782945736435,134.95539334955393,454.4
1388,north carolina,2016,248.88888888888889,85.33333333333334,132.87915652879158,452.2666666666667
1389,north carolina,2015,248.88888888888889,83.34883720930233,130.8029197080292,448.00000000000006
1390,north carolina,2014,248.88888888888889,81.3643410852713,126.65044606650446,441.6
1391,north carolina,2013,246.51851851851856,79.37984496124031,124.5742092457421,435.2000000000001
1392,north carolina,2012,251.2592592592593,75.4108527131783,124.5742092457421,435.2000000000001
1393,north carolina,2011,248.88888888888889,73.42635658914728,120.42173560421736,428.8
1394,north carolina,2010,253.62962962962962,69.45736434108527,118.34549878345501,426.66666666666674
1395,north carolina,2009,260.7407407407408,67.47286821705426,118.34549878345501,428.8
1396,north carolina,2008,267.8518518518519,65.48837209302324,118.34549878345501,433.06666666666666
1397,north carolina,2007,272.5925925925927,67.47286821705426,116.26926196269262,435.2000000000001
1398,north carolina,2006,270.22222222222223,65.48837209302324,112.1167883211679,428.8
1399,north carolina,2005,267.8518518518519,59.534883720930225,112.1167883211679,418.13333333333327
1400,north carolina,2004,274.962962962963,59.534883720930225,110.04055150040553,424.53333333333336
1401,north carolina,2003,286.8148148148148,53.58139534883721,107.96431467964315,426.66666666666674
1402,north carolina,2002,296.2962962962963,53.58139534883721,103.81184103811842,430.9333333333333
1403,north carolina,2001,293.92592592592587,49.61240310077518,105.88807785888079,426.66666666666674
1404,north carolina,2000,289.1851851851852,49.61240310077518,107.96431467964315,422.4
1428,north dakota,2018,355.55555555555566,67.47286821705426,276.139497161395,674.1333333333333
1429,north dakota,2017,357.9259259259259,67.47286821705426,269.91078669910786,672.0
1430,north dakota,2016,357.9259259259259,67.47286821705426,267.8345498783455,669.8666666666667
1431,north dakota,2015,374.51851851851853,69.45736434108527,276.139497161395,695.4666666666667
1432,north dakota,2014,398.22222222222223,69.45736434108527,290.67315490673155,731.7333333333332
1433,north dakota,2013,400.5925925925928,63.503875968992254,286.52068126520686,723.1999999999998
1434,north dakota,2012,414.8148148148149,59.534883720930225,286.52068126520686,731.7333333333332
1435,north dakota,2011,393.48148148148147,51.5968992248062,261.6058394160584,678.4000000000002
1436,north dakota,2010,353.18518518518516,49.61240310077518,247.0721816707219,625.0666666666666
1437,north dakota,2009,376.88888888888886,47.627906976744185,234.61476074614762,631.4666666666667
1438,north dakota,2008,379.25925925925935,45.64341085271318,230.46228710462293,627.2
1439,north dakota,2007,362.66666666666674,45.64341085271318,220.08110300081105,601.6
1440,north dakota,2006,355.55555555555566,39.689922480620154,207.62368207623683,576.0000000000001
1441,north dakota,2005,350.81481481481484,35.72093023255813,195.16626115166264,554.6666666666667
1442,north dakota,2004,353.18518518518516,35.72093023255813,170.25141930251422,531.1999999999998
1443,north dakota,2003,362.66666666666674,33.73643410852713,178.55636658556372,546.1333333333333
1444,north dakota,2002,357.9259259259259,31.751937984496127,172.3276561232766,533.3333333333334
1445,north dakota,2001,346.0740740740741,29.767441860465123,168.17518248175185,516.2666666666668
1446,north dakota,2000,348.44444444444434,29.767441860465123,164.0227088402271,512.0
1470,ohio,2018,260.7407407407408,61.51937984496124,128.72668288726683,433.06666666666666
1471,ohio,2017,265.4814814814815,61.51937984496124,124.5742092457421,430.9333333333333
1472,ohio,2016,272.5925925925927,61.51937984496124,120.42173560421736,433.06666666666666
1473,ohio,2015,277.33333333333337,59.534883720930225,116.26926196269262,433.06666666666666
1474,ohio,2014,282.07407407407413,59.534883720930225,112.1167883211679,433.06666666666666
1475,ohio,2013,289.1851851851852,59.534883720930225,110.04055150040553,435.2000000000001
1476,ohio,2012,291.5555555555556,57.55038759689922,105.88807785888079,433.06666666666666
1477,ohio,2011,293.92592592592587,55.56589147286822,103.81184103811842,430.9333333333333
1478,ohio,2010,305.77777777777777,49.61240310077518,99.65936739659368,430.9333333333333
1479,ohio,2009,308.1481481481481,53.58139534883721,97.58313057583132,433.06666666666666
1480,ohio,2008,315.2592592592593,51.5968992248062,95.50689375506894,437.33333333333326
1481,ohio,2007,317.6296296296297,49.61240310077518,93.43065693430657,435.2000000000001
1482,ohio,2006,315.2592592592593,47.627906976744185,91.3544201135442,428.8
1483,ohio,2005,317.6296296296297,45.64341085271318,89.27818329278186,426.66666666666674
1484,ohio,2004,317.6296296296297,43.65891472868218,87.20194647201946,420.26666666666665
1485,ohio,2003,317.6296296296297,43.65891472868218,83.04947283049474,416.0
1486,ohio,2002,320.00000000000006,41.67441860465117,80.97323600973236,416.0
1487,ohio,2001,317.6296296296297,41.67441860465117,80.97323600973236,411.73333333333335
1488,ohio,2000,312.8888888888889,41.67441860465117,78.89699918897,407.4666666666666
1512,oklahoma,2018,237.03703703703704,39.689922480620154,134.95539334955393,394.66666666666674
1513,oklahoma,2017,244.14814814814812,39.689922480620154,134.95539334955393,398.93333333333334
1514,oklahoma,2016,248.88888888888889,39.689922480620154,132.87915652879158,403.2000000000001
1515,oklahoma,2015,253.62962962962962,37.70542635658914,128.72668288726683,403.2000000000001
1516,oklahoma,2014,258.3703703703704,37.70542635658914,130.8029197080292,407.4666666666666
1517,oklahoma,2013,263.11111111111114,37.70542635658914,128.72668288726683,411.73333333333335
1518,oklahoma,2012,270.22222222222223,37.70542635658914,126.65044606650446,413.86666666666673
1519,oklahoma,2011,270.22222222222223,37.70542635658914,122.49797242497972,409.6
1520,oklahoma,2010,274.962962962963,35.72093023255813,120.42173560421736,409.6
1521,oklahoma,2009,277.33333333333337,35.72093023255813,120.42173560421736,411.73333333333335
1522,oklahoma,2008,289.1851851851852,35.72093023255813,120.42173560421736,420.26666666666665
1523,oklahoma,2007,277.33333333333337,33.73643410852713,118.34549878345501,407.4666666666666
1524,oklahoma,2006,267.8518518518519,33.73643410852713,116.26926196269262,398.93333333333334
1525,oklahoma,2005,258.3703703703704,31.751937984496127,114.19302514193028,384.0
1526,oklahoma,2004,263.11111111111114,25.7984496124031,95.50689375506894,362.66666666666674
1527,oklahoma,2003,251.2592592592593,25.7984496124031,153.64152473641525,411.73333333333335
1528,oklahoma,2002,265.4814814814815,25.7984496124031,120.42173560421736,388.2666666666667
1529,oklahoma,2001,263.11111111111114,23.813953488372093,89.27818329278186,352.00000000000006
1530,oklahoma,2000,265.4814814814815,23.813953488372093,91.3544201135442,360.53333333333336
1554,oregon,2018,286.8148148148148,115.10077519379844,197.242497972425,584.5333333333333
1555,oregon,2017,293.92592592592587,117.08527131782944,193.09002433090026,588.8000000000002
1556,oregon,2016,293.92592592592587,119.06976744186045,191.0137875101379,588.8000000000002
1557,oregon,2015,291.5555555555556,115.10077519379844,186.86131386861317,578.1333333333333
1558,oregon,2014,291.5555555555556,113.11627906976746,186.86131386861317,576.0000000000001
1559,oregon,2013,284.4444444444445,113.11627906976746,184.7850770478508,567.4666666666667
1560,oregon,2012,286.8148148148148,113.11627906976746,184.7850770478508,567.4666666666667
1561,oregon,2011,279.70370370370375,111.13178294573645,176.48012976480132,552.5333333333333
1562,oregon,2010,282.07407407407413,97.24031007751935,172.3276561232766,535.4666666666667
1563,oregon,2009,303.40740740740745,97.24031007751935,170.25141930251422,552.5333333333333
1564,oregon,2008,289.1851851851852,97.24031007751935,172.3276561232766,541.8666666666667
1565,oregon,2007,320.00000000000006,99.22480620155036,168.17518248175185,565.3333333333334
1566,oregon,2006,312.8888888888889,97.24031007751935,161.94647201946472,552.5333333333333
1567,oregon,2005,274.962962962963,99.22480620155036,155.71776155717762,512.0
1568,oregon,2004,291.5555555555556,97.24031007751935,149.48905109489053,520.5333333333333
1569,oregon,2003,284.4444444444445,93.27131782945736,143.2603406326034,503.4666666666666
1570,oregon,2002,289.1851851851852,91.28682170542636,137.03163017031628,499.2
1571,oregon,2001,289.1851851851852,85.33333333333334,134.95539334955393,490.6666666666666
1572,oregon,2000,284.4444444444445,87.31782945736435,132.87915652879158,486.40000000000015
1596,pennsylvania,2018,305.77777777777777,65.48837209302324,149.48905109489053,499.2
1597,pennsylvania,2017,308.1481481481481,65.48837209302324,149.48905109489053,501.33333333333326
1598,pennsylvania,2016,310.5185185185185,65.48837209302324,149.48905109489053,503.4666666666666
1599,pennsylvania,2015,310.5185185185185,63.503875968992254,145.33657745336578,497.06666666666666
1600,pennsylvania,2014,312.8888888888889,63.503875968992254,145.33657745336578,499.2
1601,pennsylvania,2013,317.6296296296297,61.51937984496124,141.18410381184103,497.06666666666666
1602,pennsylvania,2012,322.3703703703704,61.51937984496124,139.10786699107868,499.2
1603,pennsylvania,2011,324.7407407407408,59.534883720930225,137.03163017031628,497.06666666666666
1604,pennsylvania,2010,324.7407407407408,57.55038759689922,132.87915652879158,490.6666666666666
1605,pennsylvania,2009,324.7407407407408,55.56589147286822,130.8029197080292,484.2666666666667
1606,pennsylvania,2008,322.3703703703704,51.5968992248062,126.65044606650446,475.73333333333335
1607,pennsylvania,2007,320.00000000000006,49.61240310077518,120.42173560421736,465.0666666666667
1608,pennsylvania,2006,312.8888888888889,45.64341085271318,114.19302514193028,448.00000000000006
1609,pennsylvania,2005,312.8888888888889,45.64341085271318,114.19302514193028,450.13333333333327
1610,pennsylvania,2004,308.1481481481481,45.64341085271318,110.04055150040553,439.4666666666667
1611,pennsylvania,2003,310.5185185185185,43.65891472868218,105.88807785888079,435.2000000000001
1612,pennsylvania,2002,320.00000000000006,41.67441860465117,101.73560421735607,439.4666666666667
1613,pennsylvania,2001,315.2592592592593,39.689922480620154,99.65936739659368,430.9333333333333
1614,pennsylvania,2000,305.77777777777777,39.689922480620154,97.58313057583132,418.13333333333327
1638,rhode island,2018,213.33333333333331,113.11627906976746,238.76723438767243,561.0666666666667
1639,rhode island,2017,220.44444444444446,115.10077519379844,226.30981346309815,554.6666666666667
1640,rhode island,2016,222.8148148148148,115.10077519379844,218.00486618004868,548.2666666666668
1641,rhode island,2015,227.55555555555557,113.11627906976746,205.54744525547449,537.6
1642,rhode island,2014,239.40740740740745,101.2093023255814,178.55636658556372,509.8666666666666
1643,rhode island,2013,237.03703703703704,113.11627906976746,203.4712084347121,546.1333333333333
1644,rhode island,2012,244.14814814814812,117.08527131782944,201.3949716139497,550.4000000000002
1645,rhode island,2011,246.51851851851856,115.10077519379844,195.16626115166264,544.0
1646,rhode island,2010,251.2592592592593,111.13178294573645,191.0137875101379,541.8666666666667
1647,rhode island,2009,253.62962962962962,109.14728682170544,176.48012976480132,526.9333333333333
1648,rhode island,2008,258.3703703703704,103.1937984496124,174.40389294403892,524.8000000000002
1649,rhode island,2007,260.7407407407408,105.1782945736434,170.25141930251422,522.6666666666666
1650,rhode island,2006,253.62962962962962,101.2093023255814,172.3276561232766,514.1333333333333
1651,rhode island,2005,232.2962962962963,97.24031007751935,170.25141930251422,488.53333333333336
1652,rhode island,2004,267.8518518518519,99.22480620155036,166.09894566098947,516.2666666666668
1653,rhode island,2003,267.8518518518519,101.2093023255814,166.09894566098947,522.6666666666666
1654,rhode island,2002,277.33333333333337,95.25581395348837,153.64152473641525,512.0
1655,rhode island,2001,282.07407407407413,91.28682170542636,145.33657745336578,503.4666666666666
1656,rhode island,2000,274.962962962963,91.28682170542636,145.33657745336578,492.8
1680,south carolina,2018,263.11111111111114,49.61240310077518,166.09894566098947,460.80000000000007
1681,south carolina,2017,270.22222222222223,49.61240310077518,166.09894566098947,467.2
1682,south carolina,2016,279.70370370370375,49.61240310077518,166.09894566098947,475.73333333333335
1683,south carolina,2015,286.8148148148148,49.61240310077518,164.0227088402271,480.0
1684,south carolina,2014,291.5555555555556,49.61240310077518,166.09894566098947,486.40000000000015
1685,south carolina,2013,298.6666666666667,49.61240310077518,166.09894566098947,492.8
1686,south carolina,2012,303.40740740740745,49.61240310077518,164.0227088402271,494.9333333333333
1687,south carolina,2011,305.77777777777777,49.61240310077518,161.94647201946472,492.8
1688,south carolina,2010,310.5185185185185,47.627906976744185,157.79399837794,492.8
1689,south carolina,2009,320.00000000000006,47.627906976744185,157.79399837794,499.2
1690,south carolina,2008,329.4814814814815,47.627906976744185,157.79399837794,512.0
1691,south carolina,2007,336.5925925925925,47.627906976744185,157.79399837794,516.2666666666668
1692,south carolina,2006,343.7037037037037,47.627906976744185,157.79399837794,522.6666666666666
1693,south carolina,2005,338.962962962963,47.627906976744185,155.71776155717762,516.2666666666668
1694,south carolina,2004,329.4814814814815,47.627906976744185,157.79399837794,507.73333333333335
1695,south carolina,2003,327.1111111111112,45.64341085271318,153.64152473641525,501.33333333333326
1696,south carolina,2002,331.8518518518518,43.65891472868218,139.10786699107868,490.6666666666666
1697,south carolina,2001,331.8518518518518,43.65891472868218,134.95539334955393,484.2666666666667
1698,south carolina,2000,353.18518518518516,43.65891472868218,149.48905109489053,518.4
1722,south dakota,2018,324.7407407407408,43.65891472868218,159.87023519870237,505.6
1723,south dakota,2017,362.66666666666674,59.534883720930225,211.77615571776158,608.0
1724,south dakota,2016,346.0740740740741,61.51937984496124,228.38605028386056,614.4
1725,south dakota,2015,353.18518518518516,57.55038759689922,213.85239253852401,599.4666666666667
1726,south dakota,2014,355.55555555555566,49.61240310077518,205.54744525547449,586.6666666666667
1727,south dakota,2013,362.66666666666674,55.56589147286822,211.77615571776158,601.6
1728,south dakota,2012,365.03703703703695,51.5968992248062,199.31873479318736,588.8000000000002
1729,south dakota,2011,360.2962962962963,55.56589147286822,201.3949716139497,590.9333333333334
1730,south dakota,2010,362.66666666666674,47.627906976744185,191.0137875101379,573.8666666666667
1731,south dakota,2009,365.03703703703695,43.65891472868218,184.7850770478508,565.3333333333334
1732,south dakota,2008,372.1481481481482,43.65891472868218,180.6326034063261,567.4666666666667
1733,south dakota,2007,360.2962962962963,43.65891472868218,180.6326034063261,556.8
1734,south dakota,2006,357.9259259259259,37.70542635658914,164.0227088402271,533.3333333333334
1735,south dakota,2005,355.55555555555566,37.70542635658914,172.3276561232766,537.6
1736,south dakota,2004,357.9259259259259,35.72093023255813,157.79399837794,522.6666666666666
1737,south dakota,2003,360.2962962962963,31.751937984496127,153.64152473641525,514.1333333333333
1738,south dakota,2002,357.9259259259259,29.767441860465123,139.10786699107868,499.2
1739,south dakota,2001,353.18518518518516,29.767441860465123,147.41281427412815,501.33333333333326
1740,south dakota,2000,346.0740740740741,29.767441860465123,143.2603406326034,490.6666666666666
1764,tennessee,2018,232.2962962962963,63.503875968992254,174.40389294403892,456.53333333333336
1765,tennessee,2017,234.66666666666663,63.503875968992254,168.17518248175185,450.13333333333327
1766,tennessee,2016,241.77777777777783,65.48837209302324,164.0227088402271,456.53333333333336
1767,tennessee,2015,246.51851851851856,53.58139534883721,157.79399837794,439.4666666666667
1768,tennessee,2014,246.51851851851856,51.5968992248062,151.56528791565287,430.9333333333333
1769,tennessee,2013,248.88888888888889,49.61240310077518,145.33657745336578,426.66666666666674
1770,tennessee,2012,253.62962962962962,49.61240310077518,141.18410381184103,426.66666666666674
1771,tennessee,2011,267.8518518518519,47.627906976744185,137.03163017031628,435.2000000000001
1772,tennessee,2010,246.51851851851856,43.65891472868218,126.65044606650446,401.0666666666667
1773,tennessee,2009,248.88888888888889,41.67441860465117,118.34549878345501,390.4
1774,tennessee,2008,260.7407407407408,39.689922480620154,118.34549878345501,398.93333333333334
1775,tennessee,2007,267.8518518518519,39.689922480620154,116.26926196269262,405.33333333333326
1776,tennessee,2006,270.22222222222223,37.70542635658914,116.26926196269262,403.2000000000001
1777,tennessee,2005,282.07407407407413,37.70542635658914,114.19302514193028,409.6
1778,tennessee,2004,289.1851851851852,35.72093023255813,110.04055150040553,411.73333333333335
1779,tennessee,2003,301.03703703703707,35.72093023255813,107.96431467964315,418.13333333333327
1780,tennessee,2002,277.33333333333337,33.73643410852713,105.88807785888079,396.8
1781,tennessee,2001,272.5925925925927,31.751937984496127,103.81184103811842,386.1333333333334
1782,tennessee,2000,282.07407407407413,31.751937984496127,105.88807785888079,394.66666666666674
1806,texas,2018,286.8148148148148,67.47286821705426,147.41281427412815,482.1333333333334
1807,texas,2017,301.03703703703707,69.45736434108527,149.48905109489053,499.2
1808,texas,2016,308.1481481481481,67.47286821705426,143.2603406326034,497.06666666666666
1809,texas,2015,303.40740740740745,65.48837209302324,139.10786699107868,486.40000000000015
1810,texas,2014,296.2962962962963,65.48837209302324,134.95539334955393,475.73333333333335
1811,texas,2013,308.1481481481481,63.503875968992254,130.8029197080292,480.0
1812,texas,2012,315.2592592592593,63.503875968992254,130.8029197080292,486.40000000000015
1813,texas,2011,320.00000000000006,61.51937984496124,126.65044606650446,484.2666666666667
1814,texas,2010,320.00000000000006,57.55038759689922,122.49797242497972,475.73333333333335
1815,texas,2009,334.22222222222223,55.56589147286822,120.42173560421736,482.1333333333334
1816,texas,2008,338.962962962963,53.58139534883721,120.42173560421736,486.40000000000015
1817,texas,2007,334.22222222222223,53.58139534883721,116.26926196269262,477.86666666666673
1818,texas,2006,338.962962962963,51.5968992248062,114.19302514193028,477.86666666666673
1819,texas,2005,338.962962962963,49.61240310077518,110.04055150040553,469.33333333333337
1820,texas,2004,343.7037037037037,47.627906976744185,107.96431467964315,471.4666666666667
1821,texas,2003,346.0740740740741,45.64341085271318,105.88807785888079,467.2
1822,texas,2002,353.18518518518516,43.65891472868218,103.81184103811842,471.4666666666667
1823,texas,2001,357.9259259259259,41.67441860465117,101.73560421735607,471.4666666666667
1824,texas,2000,362.66666666666674,43.65891472868218,103.81184103811842,480.0
1848,utah,2018,137.4814814814815,39.689922480620154,118.34549878345501,288.00000000000006
1849,utah,2017,144.5925925925926,39.689922480620154,116.26926196269262,290.1333333333334
1850,utah,2016,149.33333333333334,37.70542635658914,107.96431467964315,285.8666666666667
1851,utah,2015,154.0740740740741,39.689922480620154,112.1167883211679,298.6666666666667
1852,utah,2014,156.44444444444446,37.70542635658914,107.96431467964315,292.26666666666665
1853,utah,2013,158.8148148148148,37.70542635658914,105.88807785888079,292.26666666666665
1854,utah,2012,163.55555555555554,37.70542635658914,103.81184103811842,292.26666666666665
1855,utah,2011,161.1851851851852,35.72093023255813,101.73560421735607,290.1333333333334
1856,utah,2010,165.9259259259259,35.72093023255813,97.58313057583132,288.00000000000006
1857,utah,2009,170.66666666666666,33.73643410852713,97.58313057583132,290.1333333333334
1858,utah,2008,180.14814814814812,33.73643410852713,97.58313057583132,300.8
1859,utah,2007,182.51851851851848,31.751937984496127,91.3544201135442,294.4000000000001
1860,utah,2006,173.03703703703704,31.751937984496127,91.3544201135442,283.73333333333335
1861,utah,2005,165.9259259259259,31.751937984496127,85.12570965125711,270.93333333333334
1862,utah,2004,180.14814814814812,29.767441860465123,80.97323600973236,277.33333333333337
1863,utah,2003,180.14814814814812,27.78294573643411,80.97323600973236,277.33333333333337
1864,utah,2002,182.51851851851848,27.78294573643411,80.97323600973236,277.33333333333337
1865,utah,2001,182.51851851851848,27.78294573643411,80.97323600973236,277.33333333333337
1866,utah,2000,177.77777777777783,27.78294573643411,83.04947283049474,275.20000000000005
1890,vermont,2018,362.66666666666674,154.7906976744186,157.79399837794,652.8000000000002
1891,vermont,2017,367.40740740740745,158.75968992248062,153.64152473641525,659.2
1892,vermont,2016,372.1481481481482,156.7751937984496,151.56528791565287,659.2
1893,vermont,2015,372.1481481481482,154.7906976744186,151.56528791565287,657.0666666666667
1894,vermont,2014,369.77777777777777,154.7906976744186,149.48905109489053,652.8000000000002
1895,vermont,2013,367.40740740740745,146.85271317829455,149.48905109489053,642.1333333333333
1896,vermont,2012,357.9259259259259,138.91472868217053,147.41281427412815,625.0666666666666
1897,vermont,2011,346.0740740740741,134.9457364341085,147.41281427412815,608.0
1898,vermont,2010,341.3333333333333,127.00775193798451,147.41281427412815,597.3333333333334
1899,vermont,2009,338.962962962963,127.00775193798451,145.33657745336578,590.9333333333334
1900,vermont,2008,343.7037037037037,125.02325581395347,147.41281427412815,595.2
1901,vermont,2007,346.0740740740741,123.03875968992249,145.33657745336578,593.0666666666667
1902,vermont,2006,343.7037037037037,119.06976744186045,143.2603406326034,582.4
1903,vermont,2005,341.3333333333333,113.11627906976746,141.18410381184103,573.8666666666667
1904,vermont,2004,317.6296296296297,109.14728682170544,137.03163017031628,546.1333333333333
1905,vermont,2003,317.6296296296297,103.1937984496124,134.95539334955393,535.4666666666667
1906,vermont,2002,317.6296296296297,101.2093023255814,130.8029197080292,529.0666666666667
1907,vermont,2001,317.6296296296297,95.25581395348837,130.8029197080292,522.6666666666666
1908,vermont,2000,312.8888888888889,97.24031007751935,130.8029197080292,518.4
1932,virginia,2018,222.8148148148148,97.24031007751935,145.33657745336578,454.4
1933,virginia,2017,227.55555555555557,97.24031007751935,139.10786699107868,454.4
1934,virginia,2016,237.03703703703704,97.24031007751935,137.03163017031628,456.53333333333336
1935,virginia,2015,237.03703703703704,95.25581395348837,134.95539334955393,454.4
1936,virginia,2014,239.40740740740745,93.27131782945736,130.8029197080292,450.13333333333327
1937,virginia,2013,241.77777777777783,91.28682170542636,128.72668288726683,448.00000000000006
1938,virginia,2012,246.51851851851856,91.28682170542636,128.72668288726683,454.4
1939,virginia,2011,248.88888888888889,91.28682170542636,126.65044606650446,452.2666666666667
1940,virginia,2010,256.00000000000006,87.31782945736435,124.5742092457421,452.2666666666667
1941,virginia,2009,260.7407407407408,83.34883720930233,120.42173560421736,450.13333333333327
1942,virginia,2008,265.4814814814815,83.34883720930233,120.42173560421736,452.2666666666667
1943,virginia,2007,267.8518518518519,81.3643410852713,118.34549878345501,448.00000000000006
1944,virginia,2006,267.8518518518519,77.3953488372093,116.26926196269262,443.73333333333335
1945,virginia,2005,267.8518518518519,75.4108527131783,112.1167883211679,437.33333333333326
1946,virginia,2004,270.22222222222223,73.42635658914728,110.04055150040553,435.2000000000001
1947,virginia,2003,270.22222222222223,71.44186046511626,107.96431467964315,430.9333333333333
1948,virginia,2002,272.5925925925927,67.47286821705426,105.88807785888079,426.66666666666674
1949,virginia,2001,272.5925925925927,63.503875968992254,103.81184103811842,420.26666666666665
1950,virginia,2000,274.962962962963,61.51937984496124,101.73560421735607,420.26666666666665
1974,washington,2018,215.7037037037037,101.2093023255814,168.17518248175185,473.60000000000014
1975,washington,2017,220.44444444444446,103.1937984496124,164.0227088402271,475.73333333333335
1976,washington,2016,227.55555555555557,103.1937984496124,161.94647201946472,482.1333333333334
1977,washington,2015,229.92592592592598,105.1782945736434,159.87023519870237,482.1333333333334
1978,washington,2014,229.92592592592598,105.1782945736434,157.79399837794,482.1333333333334
1979,washington,2013,225.1851851851852,105.1782945736434,157.79399837794,477.86666666666673
1980,washington,2012,227.55555555555557,105.1782945736434,157.79399837794,482.1333333333334
1981,washington,2011,229.92592592592598,107.16279069767442,155.71776155717762,480.0
1982,washington,2010,239.40740740740745,103.1937984496124,151.56528791565287,480.0
1983,washington,2009,260.7407407407408,101.2093023255814,153.64152473641525,499.2
1984,washington,2008,263.11111111111114,99.22480620155036,155.71776155717762,505.6
1985,washington,2007,270.22222222222223,99.22480620155036,153.64152473641525,507.73333333333335
1986,washington,2006,256.00000000000006,95.25581395348837,149.48905109489053,486.40000000000015
1987,washington,2005,263.11111111111114,109.14728682170544,141.18410381184103,499.2
1988,washington,2004,263.11111111111114,105.1782945736434,137.03163017031628,490.6666666666666
1989,washington,2003,253.62962962962962,93.27131782945736,141.18410381184103,471.4666666666667
1990,washington,2002,258.3703703703704,85.33333333333334,137.03163017031628,462.9333333333333
1991,washington,2001,258.3703703703704,79.37984496124031,134.95539334955393,458.66666666666674
1992,washington,2000,263.11111111111114,81.3643410852713,137.03163017031628,465.0666666666667
2016,west virginia,2018,272.5925925925927,21.82945736434109,97.58313057583132,371.2
2017,west virginia,2017,277.33333333333337,21.82945736434109,95.50689375506894,371.2
2018,west virginia,2016,282.07407407407413,21.82945736434109,95.50689375506894,375.4666666666667
2019,west virginia,2015,286.8148148148148,21.82945736434109,97.58313057583132,379.73333333333335
2020,west virginia,2014,286.8148148148148,19.844961240310077,97.58313057583132,379.73333333333335
2021,west virginia,2013,293.92592592592587,19.844961240310077,95.50689375506894,384.0
2022,west virginia,2012,293.92592592592587,19.844961240310077,97.58313057583132,384.0
2023,west virginia,2011,289.1851851851852,19.844961240310077,95.50689375506894,379.73333333333335
2024,west virginia,2010,291.5555555555556,19.844961240310077,91.3544201135442,379.73333333333335
2025,west virginia,2009,291.5555555555556,19.844961240310077,91.3544201135442,377.6
2026,west virginia,2008,296.2962962962963,19.844961240310077,89.27818329278186,381.86666666666673
2027,west virginia,2007,291.5555555555556,19.844961240310077,87.20194647201946,373.33333333333337
2028,west virginia,2006,286.8148148148148,19.844961240310077,85.12570965125711,366.9333333333333
2029,west virginia,2005,291.5555555555556,19.844961240310077,83.04947283049474,369.06666666666666
2030,west virginia,2004,296.2962962962963,19.844961240310077,80.97323600973236,373.33333333333337
2031,west virginia,2003,291.5555555555556,19.844961240310077,78.89699918897,366.9333333333333
2032,west virginia,2002,298.6666666666667,19.844961240310077,78.89699918897,371.2
2033,west virginia,2001,296.2962962962963,19.844961240310077,76.82076236820762,366.9333333333333
2034,west virginia,2000,293.92592592592587,19.844961240310077,74.74452554744526,362.66666666666674
2058,wisconsin,2018,305.77777777777777,77.3953488372093,259.52960259529596,625.0666666666666
2059,wisconsin,2017,315.2592592592593,79.37984496124031,261.6058394160584,637.8666666666667
2060,wisconsin,2016,322.3703703703704,79.37984496124031,253.3008921330089,637.8666666666667
2061,wisconsin,2015,329.4814814814815,77.3953488372093,249.1484184914842,635.7333333333332
2062,wisconsin,2014,336.5925925925925,75.4108527131783,244.9959448499595,635.7333333333332
2063,wisconsin,2013,343.7037037037037,75.4108527131783,242.91970802919715,640.0
2064,wisconsin,2012,346.0740740740741,73.42635658914728,247.0721816707219,644.2666666666668
2065,wisconsin,2011,346.0740740740741,73.42635658914728,240.84347120843475,637.8666666666667
2066,wisconsin,2010,353.18518518518516,63.503875968992254,234.61476074614762,627.2
2067,wisconsin,2009,353.18518518518516,61.51937984496124,240.84347120843475,631.4666666666667
2068,wisconsin,2008,367.40740740740745,67.47286821705426,234.61476074614762,642.1333333333333
2069,wisconsin,2007,369.77777777777777,65.48837209302324,230.46228710462293,640.0
2070,wisconsin,2006,374.51851851851853,63.503875968992254,226.30981346309815,637.8666666666667
2071,wisconsin,2005,374.51851851851853,61.51937984496124,222.1573398215734,629.3333333333333
2072,wisconsin,2004,362.66666666666674,59.534883720930225,211.77615571776158,608.0
2073,wisconsin,2003,362.66666666666674,57.55038759689922,207.62368207623683,601.6
2074,wisconsin,2002,369.77777777777777,55.56589147286822,203.4712084347121,601.6
2075,wisconsin,2001,365.03703703703695,51.5968992248062,197.242497972425,586.6666666666667
2076,wisconsin,2000,362.66666666666674,53.58139534883721,197.242497972425,588.8000000000002
2100,wyoming,2018,289.1851851851852,63.503875968992254,257.45336577453367,593.0666666666667
2101,wyoming,2017,277.33333333333337,63.503875968992254,247.0721816707219,571.7333333333332
2102,wyoming,2016,279.70370370370375,63.503875968992254,242.91970802919715,571.7333333333332
2103,wyoming,2015,296.2962962962963,61.51937984496124,244.9959448499595,584.5333333333333
2104,wyoming,2014,298.6666666666667,61.51937984496124,240.84347120843475,582.4
2105,wyoming,2013,296.2962962962963,57.55038759689922,234.61476074614762,569.6
2106,wyoming,2012,312.8888888888889,55.56589147286822,234.61476074614762,582.4
2107,wyoming,2011,305.77777777777777,53.58139534883721,228.38605028386056,567.4666666666667
2108,wyoming,2010,315.2592592592593,53.58139534883721,220.08110300081105,567.4666666666667
2109,wyoming,2009,331.8518518518518,53.58139534883721,220.08110300081105,582.4
2110,wyoming,2008,355.55555555555566,53.58139534883721,226.30981346309815,612.2666666666668
2111,wyoming,2007,346.0740740740741,53.58139534883721,222.1573398215734,597.3333333333334
2112,wyoming,2006,341.3333333333333,51.5968992248062,213.85239253852401,580.2666666666668
2113,wyoming,2005,284.4444444444445,49.61240310077518,199.31873479318736,514.1333333333333
2114,wyoming,2004,336.5925925925925,47.627906976744185,191.0137875101379,550.4000000000002
2115,wyoming,2003,402.96296296296305,45.64341085271318,186.86131386861317,605.8666666666667
2116,wyoming,2002,346.0740740740741,45.64341085271318,182.7088402270884,548.2666666666668
2117,wyoming,2001,341.3333333333333,43.65891472868218,182.7088402270884,539.7333333333332
2118,wyoming,2000,336.5925925925925,43.65891472868218,178.55636658556372,533.3333333333334
2142,northeast region,2018,237.03703703703704,101.2093023255814,186.86131386861317,514.1333333333333
2143,northeast region,2017,241.77777777777783,105.1782945736434,182.7088402270884,516.2666666666668
2144,northeast region,2016,244.14814814814812,103.1937984496124,180.6326034063261,516.2666666666668
2145,northeast region,2015,246.51851851851856,101.2093023255814,176.48012976480132,512.0
2146,northeast region,2014,244.14814814814812,105.1782945736434,174.40389294403892,512.0
2147,northeast region,2013,251.2592592592593,103.1937984496124,172.3276561232766,512.0
2148,northeast region,2012,251.2592592592593,101.2093023255814,170.25141930251422,509.8666666666666
2149,northeast region,2011,248.88888888888889,99.22480620155036,166.09894566098947,503.4666666666666
2150,northeast region,2010,251.2592592592593,97.24031007751935,161.94647201946472,497.06666666666666
2151,northeast region,2009,253.62962962962962,95.25581395348837,159.87023519870237,492.8
2152,northeast region,2008,258.3703703703704,93.27131782945736,157.79399837794,492.8
2153,northeast region,2007,258.3703703703704,93.27131782945736,155.71776155717762,492.8
2154,northeast region,2006,253.62962962962962,89.30232558139534,151.56528791565287,480.0
2155,northeast region,2005,253.62962962962962,87.31782945736435,149.48905109489053,473.60000000000014
2156,northeast region,2004,253.62962962962962,85.33333333333334,145.33657745336578,469.33333333333337
2157,northeast region,2003,256.00000000000006,81.3643410852713,141.18410381184103,462.9333333333333
2158,northeast region,2002,260.7407407407408,79.37984496124031,137.03163017031628,460.80000000000007
2159,northeast region,2001,260.7407407407408,75.4108527131783,132.87915652879158,454.4
2160,northeast region,2000,256.00000000000006,75.4108527131783,137.03163017031628,452.2666666666667
2184,midwest region,2018,260.7407407407408,71.44186046511626,188.93755068937548,505.6
2185,midwest region,2017,265.4814814814815,71.44186046511626,186.86131386861317,507.73333333333335
2186,midwest region,2016,270.22222222222223,69.45736434108527,180.6326034063261,505.6
2187,midwest region,2015,272.5925925925927,69.45736434108527,178.55636658556372,503.4666666666666
2188,midwest region,2014,274.962962962963,67.47286821705426,174.40389294403892,501.33333333333326
2189,midwest region,2013,277.33333333333337,67.47286821705426,172.3276561232766,499.2
2190,midwest region,2012,284.4444444444445,65.48837209302324,170.25141930251422,501.33333333333326
2191,midwest region,2011,284.4444444444445,63.503875968992254,164.0227088402271,492.8
2192,midwest region,2010,291.5555555555556,59.534883720930225,159.87023519870237,490.6666666666666
2193,midwest region,2009,296.2962962962963,59.534883720930225,157.79399837794,494.9333333333333
2194,midwest region,2008,301.03703703703707,57.55038759689922,157.79399837794,497.06666666666666
2195,midwest region,2007,303.40740740740745,59.534883720930225,153.64152473641525,494.9333333333333
2196,midwest region,2006,301.03703703703707,55.56589147286822,149.48905109489053,484.2666666666667
2197,midwest region,2005,301.03703703703707,53.58139534883721,147.41281427412815,480.0
2198,midwest region,2004,303.40740740740745,51.5968992248062,141.18410381184103,473.60000000000014
2199,midwest region,2003,303.40740740740745,51.5968992248062,141.18410381184103,475.73333333333335
2200,midwest region,2002,308.1481481481481,49.61240310077518,132.87915652879158,467.2
2201,midwest region,2001,305.77777777777777,45.64341085271318,134.95539334955393,462.9333333333333
2202,midwest region,2000,305.77777777777777,47.627906976744185,130.8029197080292,460.80000000000007
2226,south region,2018,251.2592592592593,73.42635658914728,168.17518248175185,475.73333333333335
2227,south region,2017,258.3703703703704,73.42635658914728,166.09894566098947,482.1333333333334
2228,south region,2016,263.11111111111114,73.42635658914728,164.0227088402271,484.2666666666667
2229,south region,2015,265.4814814814815,71.44186046511626,159.87023519870237,477.86666666666673
2230,south region,2014,263.11111111111114,69.45736434108527,155.71776155717762,473.60000000000014
2231,south region,2013,274.962962962963,67.47286821705426,153.64152473641525,477.86666666666673
2232,south region,2012,279.70370370370375,67.47286821705426,151.56528791565287,480.0
2233,south region,2011,274.962962962963,65.48837209302324,147.41281427412815,471.4666666666667
2234,south region,2010,277.33333333333337,63.503875968992254,145.33657745336578,467.2
2235,south region,2009,286.8148148148148,61.51937984496124,143.2603406326034,471.4666666666667
2236,south region,2008,296.2962962962963,61.51937984496124,141.18410381184103,475.73333333333335
2237,south region,2007,298.6666666666667,61.51937984496124,141.18410381184103,477.86666666666673
2238,south region,2006,301.03703703703707,59.534883720930225,139.10786699107868,475.73333333333335
2239,south region,2005,298.6666666666667,57.55038759689922,134.95539334955393,469.33333333333337
2240,south region,2004,301.03703703703707,57.55038759689922,132.87915652879158,467.2
2241,south region,2003,301.03703703703707,53.58139534883721,132.87915652879158,465.0666666666667
2242,south region,2002,303.40740740740745,51.5968992248062,128.72668288726683,460.80000000000007
2243,south region,2001,305.77777777777777,49.61240310077518,124.5742092457421,456.53333333333336
2244,south region,2000,308.1481481481481,49.61240310077518,126.65044606650446,462.9333333333333
2268,west region,2018,244.14814814814812,111.13178294573645,188.93755068937548,533.3333333333334
2269,west region,2017,239.40740740740745,107.16279069767442,176.48012976480132,514.1333333333333
2270,west region,2016,244.14814814814812,109.14728682170544,174.40389294403892,518.4
2271,west region,2015,248.88888888888889,103.1937984496124,170.25141930251422,507.73333333333335
2272,west region,2014,251.2592592592593,109.14728682170544,166.09894566098947,516.2666666666668
2273,west region,2013,248.88888888888889,109.14728682170544,168.17518248175185,514.1333333333333
2274,west region,2012,248.88888888888889,113.11627906976746,168.17518248175185,518.4
2275,west region,2011,246.51851851851856,107.16279069767442,161.94647201946472,503.4666666666666
2276,west region,2010,251.2592592592593,95.25581395348837,157.79399837794,492.8
2277,west region,2009,263.11111111111114,103.1937984496124,157.79399837794,507.73333333333335
2278,west region,2008,272.5925925925927,101.2093023255814,157.79399837794,516.2666666666668
2279,west region,2007,277.33333333333337,97.24031007751935,157.79399837794,516.2666666666668
2280,west region,2006,267.8518518518519,101.2093023255814,157.79399837794,512.0
2281,west region,2005,270.22222222222223,99.22480620155036,151.56528791565287,503.4666666666666
2282,west region,2004,277.33333333333337,95.25581395348837,147.41281427412815,501.33333333333326
2283,west region,2003,277.33333333333337,91.28682170542636,143.2603406326034,494.9333333333333
2284,west region,2002,279.70370370370375,87.31782945736435,141.18410381184103,490.6666666666666
2285,west region,2001,282.07407407407413,85.33333333333334,141.18410381184103,490.6666666666666
2286,west region,2000,286.8148148148148,85.33333333333334,141.18410381184103,494.9333333333333
2310,us total,2018,248.88888888888889,87.31782945736435,180.6326034063261,501.33333333333326
2311,us total,2017,251.2592592592593,87.31782945736435,176.48012976480132,501.33333333333326
2312,us total,2016,256.00000000000006,87.31782945736435,172.3276561232766,501.33333333333326
2313,us total,2015,258.3703703703704,83.34883720930233,168.17518248175185,497.06666666666666
2314,us total,2014,260.7407407407408,85.33333333333334,166.09894566098947,494.9333333333333
2315,us total,2013,265.4814814814815,83.34883720930233,164.0227088402271,497.06666666666666
2316,us total,2012,267.8518518518519,83.34883720930233,161.94647201946472,499.2
2317,us total,2011,265.4814814814815,81.3643410852713,157.79399837794,488.53333333333336
2318,us total,2010,270.22222222222223,75.4108527131783,153.64152473641525,482.1333333333334
2319,us total,2009,277.33333333333337,77.3953488372093,151.56528791565287,488.53333333333336
2320,us total,2008,284.4444444444445,75.4108527131783,151.56528791565287,492.8
2321,us total,2007,286.8148148148148,75.4108527131783,149.48905109489053,492.8
2322,us total,2006,284.4444444444445,73.42635658914728,147.41281427412815,486.40000000000015
2323,us total,2005,284.4444444444445,71.44186046511626,145.33657745336578,480.0
2324,us total,2004,286.8148148148148,69.45736434108527,141.18410381184103,477.86666666666673
2325,us total,2003,286.8148148148148,67.47286821705426,139.10786699107868,473.60000000000014
2326,us total,2002,291.5555555555556,65.48837209302324,132.87915652879158,469.33333333333337
2327,us total,2001,291.5555555555556,61.51937984496124,132.87915652879158,465.0666666666667
2328,us total,2000,291.5555555555556,61.51937984496124,132.87915652879158,467.2
